feature,data_type,measurement_level,count,missing,pct_missing,mean,median,mode,min,max,range,std_dev,skew,n_outliers_iqr
group_label,int64,ratio,358,0,0.0,0.67,1.0,1.0,0.0,1.0,1.0,0.47,-0.73,0
age_at_first_session,float64,ratio,358,0,0.0,68.67,69.0,70.0,40.0,92.5,52.5,8.76,-0.5,14
education,float64,ratio,252,106,29.6,16.52,16.0,16.0,11.0,32.0,21.0,3.0,0.78,3
age_at_visit,float64,ratio,358,0,0.0,69.0,69.0,68.0,40.0,92.5,52.5,8.89,-0.48,13
moca,float64,ratio,220,138,38.5,25.23,26.0,27.0,9.0,30.0,21.0,3.37,-1.56,12
updrs_part_iii,float64,ratio,132,226,63.1,12.62,11.0,4.0,1.0,31.0,30.0,7.43,0.41,0
disease_duration_years,float64,ratio,132,226,63.1,4.45,3.34,1.0,0.28,24.0,23.72,3.73,1.73,4
levodopa_equivalent_daily_dose_mg,float64,ratio,131,227,63.4,754.21,600.0,300.0,0.0,2075.0,2075.0,444.24,0.73,2
days_since_first_session,int64,ratio,358,0,0.0,134.5,0.0,0.0,0.0,2813.0,2813.0,420.94,3.63,0
sampling_frequency_hz,int64,ratio,358,0,0.0,3579.61,500.0,500.0,500.0,25000.0,24500.0,8133.34,2.27,0
eeg_channel_count,int64,ratio,358,0,0.0,63.0,63.0,63.0,63.0,63.0,0.0,0.0,,0
recording_duration_sec,float64,ratio,266,92,25.7,198.14,181.26,125.0,120.56,445.98,325.42,73.43,0.8,0
sampling_frequency_hz_mne,float64,ratio,358,0,0.0,3579.61,500.0,500.0,500.0,25000.0,24500.0,8133.34,2.27,0
sampling_frequency_hz_vhdr,float64,ratio,358,0,0.0,3579.61,500.0,500.0,500.0,25000.0,24500.0,8133.34,2.27,0
n_channels_total,int64,ratio,358,0,0.0,63.37,63.0,63.0,63.0,66.0,3.0,0.5,0.86,1
n_channels_eeg,int64,ratio,358,0,0.0,63.37,63.0,63.0,63.0,66.0,3.0,0.5,0.86,1
eeg_voltage_mean_uv,float64,ratio,266,92,25.7,133.92,98.0,72.12583187065344,40.43,3353.68,3313.25,259.76,10.86,16
eeg_voltage_skew,float64,ratio,266,92,25.7,1.07,0.77,-0.026118902973501012,-30.33,32.95,63.28,3.56,-0.8,16
eeg_filt_rms_uv,float64,ratio,266,92,25.7,213.61,136.32,91.47458684894994,56.43,6815.23,6758.8,561.98,9.69,18
eeg_filt_std_uv,float64,ratio,266,92,25.7,213.61,136.32,91.47454988006007,56.43,6815.23,6758.8,561.98,9.69,18
eeg_filt_skew,float64,ratio,266,92,25.7,1.07,0.77,-0.026118902973501012,-30.33,32.95,63.28,3.56,-0.8,16
eeg_filt_alpha_rel,float64,ratio,266,92,25.7,0.19,0.17,0.21883323784179218,0.01,0.56,0.54,0.12,1.16,11
eeg_filt_beta_rel,float64,ratio,266,92,25.7,0.19,0.17,0.11915237464426164,0.03,0.46,0.43,0.09,0.77,6
eeg_voltage_n_samples,float64,ratio,266,92,25.7,130864.26,91005.0,62500.0,60280.0,358885.0,298605.0,90689.67,1.64,33
eeg_voltage_n_channels,float64,ratio,266,92,25.7,63.14,63.0,63.0,63.0,66.0,3.0,0.37,3.21,0
eeg_filt_effective_sfreq_hz,float64,ratio,266,92,25.7,669.24,500.0,500.0,500.0,1923.08,1423.08,452.63,2.33,0
group_Control,int64,nominal,358,0,0.0,0.33,0.0,0.0,0.0,1.0,1.0,0.47,,
group_PD,int64,nominal,358,0,0.0,0.67,1.0,1.0,0.0,1.0,1.0,0.47,,
group_nan,int64,nominal,358,0,0.0,0.0,0.0,0.0,0.0,0.0,0.0,0.0,,
sex_F,int64,nominal,358,0,0.0,0.38,0.0,0.0,0.0,1.0,1.0,0.49,,
sex_M,int64,nominal,358,0,0.0,0.62,1.0,1.0,0.0,1.0,1.0,0.49,,
sex_nan,int64,nominal,358,0,0.0,0.0,0.0,0.0,0.0,0.0,0.0,0.0,,
race_Asian,int64,nominal,358,0,0.0,0.0,0.0,0.0,0.0,1.0,1.0,0.05,,
race_White,int64,nominal,358,0,0.0,0.13,0.0,0.0,0.0,1.0,1.0,0.34,,
race_nan,int64,nominal,358,0,0.0,0.87,1.0,1.0,0.0,1.0,1.0,0.34,,
state_EO,int64,nominal,358,0,0.0,1.0,1.0,1.0,1.0,1.0,0.0,0.0,,
state_nan,int64,nominal,358,0,0.0,0.0,0.0,0.0,0.0,0.0,0.0,0.0,,
