participant_id,session_id,group,group_label,sex,race,age_at_first_session,education,age_at_visit,moca,updrs_part_iii,disease_duration_years,levodopa_equivalent_daily_dose_mg,state,acq_date,days_since_first_session,eeg_vhdr,eeg_eeg,eeg_vmrk,sampling_frequency_hz,eeg_reference,eeg_channel_count,recording_type
sub-1,ses-01,Control,0,F,White,67.1,16.0,67.1,28.0,,,,EO,2016-06-30,0,sub-1/ses-01/eeg/sub-1_ses-01_task-rest_eeg.vhdr,sub-1/ses-01/eeg/sub-1_ses-01_task-rest_eeg.eeg,sub-1/ses-01/eeg/sub-1_ses-01_task-rest_eeg.vmrk,500,Pz,63,continuous
sub-1,ses-02,Control,0,F,White,67.1,16.0,69.0,,,,,EO,2019-01-19,933,sub-1/ses-02/eeg/sub-1_ses-02_task-rest_eeg.vhdr,sub-1/ses-02/eeg/sub-1_ses-02_task-rest_eeg.eeg,sub-1/ses-02/eeg/sub-1_ses-02_task-rest_eeg.vmrk,500,Pz,63,continuous
sub-10,ses-01,Control,0,M,White,74.5,17.0,74.5,26.0,,,,EO,2013-04-11,0,sub-10/ses-01/eeg/sub-10_ses-01_task-rest_eeg.vhdr,sub-10/ses-01/eeg/sub-10_ses-01_task-rest_eeg.eeg,sub-10/ses-01/eeg/sub-10_ses-01_task-rest_eeg.vmrk,500,Pz,63,continuous
sub-100,ses-01,Control,0,M,White,76.0,16.0,76.0,28.0,,,,EO,2017-06-03,0,sub-100/ses-01/eeg/sub-100_ses-01_task-rest_eeg.vhdr,sub-100/ses-01/eeg/sub-100_ses-01_task-rest_eeg.eeg,sub-100/ses-01/eeg/sub-100_ses-01_task-rest_eeg.vmrk,500,Pz,63,continuous
sub-100,ses-02,Control,0,M,White,76.0,16.0,80.3,26.0,,,,EO,2021-01-25,1332,sub-100/ses-02/eeg/sub-100_ses-02_task-rest_eeg.vhdr,sub-100/ses-02/eeg/sub-100_ses-02_task-rest_eeg.eeg,sub-100/ses-02/eeg/sub-100_ses-02_task-rest_eeg.vmrk,500,Pz,63,continuous
sub-101,ses-01,Control,0,F,,71.0,16.0,71.0,28.0,,,,EO,2012-03-25,0,sub-101/ses-01/eeg/sub-101_ses-01_task-rest_eeg.vhdr,sub-101/ses-01/eeg/sub-101_ses-01_task-rest_eeg.eeg,sub-101/ses-01/eeg/sub-101_ses-01_task-rest_eeg.vmrk,500,Pz,63,continuous
sub-102,ses-01,Control,0,F,,86.0,12.0,86.0,27.0,,,,EO,2016-07-17,0,sub-102/ses-01/eeg/sub-102_ses-01_task-rest_eeg.vhdr,sub-102/ses-01/eeg/sub-102_ses-01_task-rest_eeg.eeg,sub-102/ses-01/eeg/sub-102_ses-01_task-rest_eeg.vmrk,500,Pz,63,continuous
sub-103,ses-01,Control,0,M,,75.0,20.0,75.0,28.0,,,,EO,2007-06-10,0,sub-103/ses-01/eeg/sub-103_ses-01_task-rest_eeg.vhdr,sub-103/ses-01/eeg/sub-103_ses-01_task-rest_eeg.eeg,sub-103/ses-01/eeg/sub-103_ses-01_task-rest_eeg.vmrk,500,Pz,63,continuous
sub-104,ses-01,Control,0,F,,69.0,17.0,69.0,22.0,,,,EO,2019-10-06,0,sub-104/ses-01/eeg/sub-104_ses-01_task-rest_eeg.vhdr,sub-104/ses-01/eeg/sub-104_ses-01_task-rest_eeg.eeg,sub-104/ses-01/eeg/sub-104_ses-01_task-rest_eeg.vmrk,500,Pz,63,continuous
sub-105,ses-01,Control,0,F,,74.0,14.0,74.0,27.0,,,,EO,2006-02-07,0,sub-105/ses-01/eeg/sub-105_ses-01_task-rest_eeg.vhdr,sub-105/ses-01/eeg/sub-105_ses-01_task-rest_eeg.eeg,sub-105/ses-01/eeg/sub-105_ses-01_task-rest_eeg.vmrk,500,Pz,63,continuous
sub-106,ses-01,Control,0,F,,64.0,14.0,64.0,27.0,,,,EO,2000-09-01,0,sub-106/ses-01/eeg/sub-106_ses-01_task-rest_eeg.vhdr,sub-106/ses-01/eeg/sub-106_ses-01_task-rest_eeg.eeg,sub-106/ses-01/eeg/sub-106_ses-01_task-rest_eeg.vmrk,500,Pz,63,continuous
sub-107,ses-01,Control,0,M,,71.0,16.0,71.0,30.0,,,,EO,2002-11-04,0,sub-107/ses-01/eeg/sub-107_ses-01_task-rest_eeg.vhdr,sub-107/ses-01/eeg/sub-107_ses-01_task-rest_eeg.eeg,sub-107/ses-01/eeg/sub-107_ses-01_task-rest_eeg.vmrk,500,Pz,63,continuous
sub-108,ses-01,Control,0,M,,78.0,17.0,78.0,27.0,,,,EO,2007-09-05,0,sub-108/ses-01/eeg/sub-108_ses-01_task-rest_eeg.vhdr,sub-108/ses-01/eeg/sub-108_ses-01_task-rest_eeg.eeg,sub-108/ses-01/eeg/sub-108_ses-01_task-rest_eeg.vmrk,500,Pz,63,continuous
sub-109,ses-01,Control,0,F,,68.0,15.0,68.0,27.0,,,,EO,2000-02-12,0,sub-109/ses-01/eeg/sub-109_ses-01_task-rest_eeg.vhdr,sub-109/ses-01/eeg/sub-109_ses-01_task-rest_eeg.eeg,sub-109/ses-01/eeg/sub-109_ses-01_task-rest_eeg.vmrk,500,Pz,63,continuous
sub-11,ses-01,Control,0,F,White,66.6,12.0,66.6,30.0,,,,EO,2011-06-04,0,sub-11/ses-01/eeg/sub-11_ses-01_task-rest_eeg.vhdr,sub-11/ses-01/eeg/sub-11_ses-01_task-rest_eeg.eeg,sub-11/ses-01/eeg/sub-11_ses-01_task-rest_eeg.vmrk,500,Pz,63,continuous
sub-110,ses-01,Control,0,F,,52.0,18.0,52.0,27.0,,,,EO,2004-03-22,0,sub-110/ses-01/eeg/sub-110_ses-01_task-rest_eeg.vhdr,sub-110/ses-01/eeg/sub-110_ses-01_task-rest_eeg.eeg,sub-110/ses-01/eeg/sub-110_ses-01_task-rest_eeg.vmrk,500,Pz,63,continuous
sub-111,ses-01,PD,1,F,,57.0,,57.0,,,,,EO,2016-10-23,0,sub-111/ses-01/eeg/sub-111_ses-01_task-rest_eeg.vhdr,sub-111/ses-01/eeg/sub-111_ses-01_task-rest_eeg.eeg,sub-111/ses-01/eeg/sub-111_ses-01_task-rest_eeg.vmrk,500,Pz,63,continuous
sub-112,ses-01,PD,1,M,,66.0,,66.0,,,,,EO,2008-11-16,0,sub-112/ses-01/eeg/sub-112_ses-01_task-rest_eeg.vhdr,sub-112/ses-01/eeg/sub-112_ses-01_task-rest_eeg.eeg,sub-112/ses-01/eeg/sub-112_ses-01_task-rest_eeg.vmrk,500,Pz,63,continuous
sub-113,ses-01,PD,1,M,,48.0,,48.0,,,,,EO,2012-01-13,0,sub-113/ses-01/eeg/sub-113_ses-01_task-rest_eeg.vhdr,sub-113/ses-01/eeg/sub-113_ses-01_task-rest_eeg.eeg,sub-113/ses-01/eeg/sub-113_ses-01_task-rest_eeg.vmrk,500,Pz,63,continuous
sub-114,ses-01,PD,1,F,,62.0,,62.0,,,,,EO,2001-02-03,0,sub-114/ses-01/eeg/sub-114_ses-01_task-rest_eeg.vhdr,sub-114/ses-01/eeg/sub-114_ses-01_task-rest_eeg.eeg,sub-114/ses-01/eeg/sub-114_ses-01_task-rest_eeg.vmrk,500,Pz,63,continuous
sub-115,ses-01,PD,1,F,,70.0,,70.0,,,,,EO,2015-02-28,0,sub-115/ses-01/eeg/sub-115_ses-01_task-rest_eeg.vhdr,sub-115/ses-01/eeg/sub-115_ses-01_task-rest_eeg.eeg,sub-115/ses-01/eeg/sub-115_ses-01_task-rest_eeg.vmrk,500,Pz,63,continuous
sub-116,ses-01,PD,1,M,,68.0,,68.0,,,,,EO,2020-05-05,0,sub-116/ses-01/eeg/sub-116_ses-01_task-rest_eeg.vhdr,sub-116/ses-01/eeg/sub-116_ses-01_task-rest_eeg.eeg,sub-116/ses-01/eeg/sub-116_ses-01_task-rest_eeg.vmrk,500,Pz,63,continuous
sub-117,ses-01,PD,1,M,,83.0,,83.0,,,,,EO,2016-01-10,0,sub-117/ses-01/eeg/sub-117_ses-01_task-rest_eeg.vhdr,sub-117/ses-01/eeg/sub-117_ses-01_task-rest_eeg.eeg,sub-117/ses-01/eeg/sub-117_ses-01_task-rest_eeg.vmrk,500,Pz,63,continuous
sub-118,ses-01,PD,1,M,,77.0,,77.0,,,,,EO,2013-01-19,0,sub-118/ses-01/eeg/sub-118_ses-01_task-rest_eeg.vhdr,sub-118/ses-01/eeg/sub-118_ses-01_task-rest_eeg.eeg,sub-118/ses-01/eeg/sub-118_ses-01_task-rest_eeg.vmrk,500,Pz,63,continuous
sub-119,ses-01,PD,1,F,,76.0,,76.0,,,,,EO,2020-05-17,0,sub-119/ses-01/eeg/sub-119_ses-01_task-rest_eeg.vhdr,sub-119/ses-01/eeg/sub-119_ses-01_task-rest_eeg.eeg,sub-119/ses-01/eeg/sub-119_ses-01_task-rest_eeg.vmrk,500,Pz,63,continuous
sub-12,ses-01,Control,0,M,White,74.0,20.0,74.0,25.0,,,,EO,2019-06-19,0,sub-12/ses-01/eeg/sub-12_ses-01_task-rest_eeg.vhdr,sub-12/ses-01/eeg/sub-12_ses-01_task-rest_eeg.eeg,sub-12/ses-01/eeg/sub-12_ses-01_task-rest_eeg.vmrk,500,Pz,63,continuous
sub-120,ses-01,PD,1,M,,53.0,,53.0,,,,,EO,2010-02-05,0,sub-120/ses-01/eeg/sub-120_ses-01_task-rest_eeg.vhdr,sub-120/ses-01/eeg/sub-120_ses-01_task-rest_eeg.eeg,sub-120/ses-01/eeg/sub-120_ses-01_task-rest_eeg.vmrk,500,Pz,63,continuous
sub-121,ses-01,PD,1,M,,69.0,,69.0,,,,,EO,2005-02-16,0,sub-121/ses-01/eeg/sub-121_ses-01_task-rest_eeg.vhdr,sub-121/ses-01/eeg/sub-121_ses-01_task-rest_eeg.eeg,sub-121/ses-01/eeg/sub-121_ses-01_task-rest_eeg.vmrk,500,Pz,63,continuous
sub-122,ses-01,PD,1,M,,72.0,,72.0,,,,,EO,2001-07-26,0,sub-122/ses-01/eeg/sub-122_ses-01_task-rest_eeg.vhdr,sub-122/ses-01/eeg/sub-122_ses-01_task-rest_eeg.eeg,sub-122/ses-01/eeg/sub-122_ses-01_task-rest_eeg.vmrk,500,Pz,63,continuous
sub-123,ses-01,PD,1,M,,67.0,,67.0,,,,,EO,2010-06-19,0,sub-123/ses-01/eeg/sub-123_ses-01_task-rest_eeg.vhdr,sub-123/ses-01/eeg/sub-123_ses-01_task-rest_eeg.eeg,sub-123/ses-01/eeg/sub-123_ses-01_task-rest_eeg.vmrk,500,Pz,63,continuous
sub-124,ses-01,PD,1,M,,74.0,,74.0,,,,,EO,2005-01-03,0,sub-124/ses-01/eeg/sub-124_ses-01_task-rest_eeg.vhdr,sub-124/ses-01/eeg/sub-124_ses-01_task-rest_eeg.eeg,sub-124/ses-01/eeg/sub-124_ses-01_task-rest_eeg.vmrk,500,Pz,63,continuous
sub-125,ses-01,PD,1,M,,63.0,,63.0,,,,,EO,2010-12-15,0,sub-125/ses-01/eeg/sub-125_ses-01_task-rest_eeg.vhdr,sub-125/ses-01/eeg/sub-125_ses-01_task-rest_eeg.eeg,sub-125/ses-01/eeg/sub-125_ses-01_task-rest_eeg.vmrk,500,Pz,63,continuous
sub-126,ses-01,PD,1,F,,64.0,,64.0,,,,,EO,2020-08-09,0,sub-126/ses-01/eeg/sub-126_ses-01_task-rest_eeg.vhdr,sub-126/ses-01/eeg/sub-126_ses-01_task-rest_eeg.eeg,sub-126/ses-01/eeg/sub-126_ses-01_task-rest_eeg.vmrk,500,Pz,63,continuous
sub-127,ses-01,PD,1,F,,52.0,,52.0,,,,,EO,2010-08-29,0,sub-127/ses-01/eeg/sub-127_ses-01_task-rest_eeg.vhdr,sub-127/ses-01/eeg/sub-127_ses-01_task-rest_eeg.eeg,sub-127/ses-01/eeg/sub-127_ses-01_task-rest_eeg.vmrk,500,Pz,63,continuous
sub-128,ses-01,PD,1,M,,80.0,,80.0,,,,,EO,2004-05-25,0,sub-128/ses-01/eeg/sub-128_ses-01_task-rest_eeg.vhdr,sub-128/ses-01/eeg/sub-128_ses-01_task-rest_eeg.eeg,sub-128/ses-01/eeg/sub-128_ses-01_task-rest_eeg.vmrk,500,Pz,63,continuous
sub-129,ses-01,PD,1,M,,68.0,,68.0,,,,,EO,2014-05-22,0,sub-129/ses-01/eeg/sub-129_ses-01_task-rest_eeg.vhdr,sub-129/ses-01/eeg/sub-129_ses-01_task-rest_eeg.eeg,sub-129/ses-01/eeg/sub-129_ses-01_task-rest_eeg.vmrk,500,Pz,63,continuous
sub-13,ses-01,Control,0,M,White,66.6,16.0,66.6,25.0,,,,EO,2012-05-03,0,sub-13/ses-01/eeg/sub-13_ses-01_task-rest_eeg.vhdr,sub-13/ses-01/eeg/sub-13_ses-01_task-rest_eeg.eeg,sub-13/ses-01/eeg/sub-13_ses-01_task-rest_eeg.vmrk,500,Pz,63,continuous
sub-130,ses-01,PD,1,M,,85.0,,85.0,,,,,EO,2013-06-24,0,sub-130/ses-01/eeg/sub-130_ses-01_task-rest_eeg.vhdr,sub-130/ses-01/eeg/sub-130_ses-01_task-rest_eeg.eeg,sub-130/ses-01/eeg/sub-130_ses-01_task-rest_eeg.vmrk,500,Pz,63,continuous
sub-131,ses-01,PD,1,M,,71.0,,71.0,,,,,EO,2012-09-06,0,sub-131/ses-01/eeg/sub-131_ses-01_task-rest_eeg.vhdr,sub-131/ses-01/eeg/sub-131_ses-01_task-rest_eeg.eeg,sub-131/ses-01/eeg/sub-131_ses-01_task-rest_eeg.vmrk,500,Pz,63,continuous
sub-132,ses-01,PD,1,M,,70.0,,70.0,,,,,EO,2000-09-23,0,sub-132/ses-01/eeg/sub-132_ses-01_task-rest_eeg.vhdr,sub-132/ses-01/eeg/sub-132_ses-01_task-rest_eeg.eeg,sub-132/ses-01/eeg/sub-132_ses-01_task-rest_eeg.vmrk,500,Pz,63,continuous
sub-133,ses-01,PD,1,M,,66.0,,66.0,,,,,EO,2005-06-27,0,sub-133/ses-01/eeg/sub-133_ses-01_task-rest_eeg.vhdr,sub-133/ses-01/eeg/sub-133_ses-01_task-rest_eeg.eeg,sub-133/ses-01/eeg/sub-133_ses-01_task-rest_eeg.vmrk,500,Pz,63,continuous
sub-134,ses-01,PD,1,M,,73.0,,73.0,,,,,EO,2000-04-16,0,sub-134/ses-01/eeg/sub-134_ses-01_task-rest_eeg.vhdr,sub-134/ses-01/eeg/sub-134_ses-01_task-rest_eeg.eeg,sub-134/ses-01/eeg/sub-134_ses-01_task-rest_eeg.vmrk,500,Pz,63,continuous
sub-135,ses-01,PD,1,M,,72.0,,72.0,,,,,EO,2019-10-26,0,sub-135/ses-01/eeg/sub-135_ses-01_task-rest_eeg.vhdr,sub-135/ses-01/eeg/sub-135_ses-01_task-rest_eeg.eeg,sub-135/ses-01/eeg/sub-135_ses-01_task-rest_eeg.vmrk,500,Pz,63,continuous
sub-136,ses-01,PD,1,M,,67.0,,67.0,,,,,EO,2016-06-05,0,sub-136/ses-01/eeg/sub-136_ses-01_task-rest_eeg.vhdr,sub-136/ses-01/eeg/sub-136_ses-01_task-rest_eeg.eeg,sub-136/ses-01/eeg/sub-136_ses-01_task-rest_eeg.vmrk,500,Pz,63,continuous
sub-137,ses-01,PD,1,F,,64.0,,64.0,,,,,EO,2004-01-23,0,sub-137/ses-01/eeg/sub-137_ses-01_task-rest_eeg.vhdr,sub-137/ses-01/eeg/sub-137_ses-01_task-rest_eeg.eeg,sub-137/ses-01/eeg/sub-137_ses-01_task-rest_eeg.vmrk,500,Pz,63,continuous
sub-138,ses-01,PD,1,M,,76.0,,76.0,,,,,EO,2009-01-18,0,sub-138/ses-01/eeg/sub-138_ses-01_task-rest_eeg.vhdr,sub-138/ses-01/eeg/sub-138_ses-01_task-rest_eeg.eeg,sub-138/ses-01/eeg/sub-138_ses-01_task-rest_eeg.vmrk,500,Pz,63,continuous
sub-139,ses-01,PD,1,F,,67.0,,67.0,,,,,EO,2005-09-29,0,sub-139/ses-01/eeg/sub-139_ses-01_task-rest_eeg.vhdr,sub-139/ses-01/eeg/sub-139_ses-01_task-rest_eeg.eeg,sub-139/ses-01/eeg/sub-139_ses-01_task-rest_eeg.vmrk,500,Pz,63,continuous
sub-14,ses-01,Control,0,F,White,68.3,14.0,68.3,28.0,,,,EO,2001-04-28,0,sub-14/ses-01/eeg/sub-14_ses-01_task-rest_eeg.vhdr,sub-14/ses-01/eeg/sub-14_ses-01_task-rest_eeg.eeg,sub-14/ses-01/eeg/sub-14_ses-01_task-rest_eeg.vmrk,500,Pz,63,continuous
sub-140,ses-01,PD,1,M,,53.0,,53.0,,,,,EO,2009-03-30,0,sub-140/ses-01/eeg/sub-140_ses-01_task-rest_eeg.vhdr,sub-140/ses-01/eeg/sub-140_ses-01_task-rest_eeg.eeg,sub-140/ses-01/eeg/sub-140_ses-01_task-rest_eeg.vmrk,500,Pz,63,continuous
sub-141,ses-01,PD,1,F,,75.0,,75.0,,,,,EO,2006-01-24,0,sub-141/ses-01/eeg/sub-141_ses-01_task-rest_eeg.vhdr,sub-141/ses-01/eeg/sub-141_ses-01_task-rest_eeg.eeg,sub-141/ses-01/eeg/sub-141_ses-01_task-rest_eeg.vmrk,500,Pz,63,continuous
sub-142,ses-01,PD,1,F,,73.0,,73.0,,,,,EO,2006-12-09,0,sub-142/ses-01/eeg/sub-142_ses-01_task-rest_eeg.vhdr,sub-142/ses-01/eeg/sub-142_ses-01_task-rest_eeg.eeg,sub-142/ses-01/eeg/sub-142_ses-01_task-rest_eeg.vmrk,500,Pz,63,continuous
sub-143,ses-01,PD,1,F,,49.0,,49.0,,,,,EO,2015-04-22,0,sub-143/ses-01/eeg/sub-143_ses-01_task-rest_eeg.vhdr,sub-143/ses-01/eeg/sub-143_ses-01_task-rest_eeg.eeg,sub-143/ses-01/eeg/sub-143_ses-01_task-rest_eeg.vmrk,500,Pz,63,continuous
sub-144,ses-01,PD,1,M,,70.0,,70.0,,,,,EO,2018-05-16,0,sub-144/ses-01/eeg/sub-144_ses-01_task-rest_eeg.vhdr,sub-144/ses-01/eeg/sub-144_ses-01_task-rest_eeg.eeg,sub-144/ses-01/eeg/sub-144_ses-01_task-rest_eeg.vmrk,500,Pz,63,continuous
sub-145,ses-01,PD,1,M,,61.0,,61.0,,,,,EO,2004-09-02,0,sub-145/ses-01/eeg/sub-145_ses-01_task-rest_eeg.vhdr,sub-145/ses-01/eeg/sub-145_ses-01_task-rest_eeg.eeg,sub-145/ses-01/eeg/sub-145_ses-01_task-rest_eeg.vmrk,500,Pz,63,continuous
sub-146,ses-01,PD,1,F,,75.0,,75.0,,,,,EO,2013-10-30,0,sub-146/ses-01/eeg/sub-146_ses-01_task-rest_eeg.vhdr,sub-146/ses-01/eeg/sub-146_ses-01_task-rest_eeg.eeg,sub-146/ses-01/eeg/sub-146_ses-01_task-rest_eeg.vmrk,500,Pz,63,continuous
sub-147,ses-01,PD,1,M,,72.0,,72.0,,,,,EO,2002-12-10,0,sub-147/ses-01/eeg/sub-147_ses-01_task-rest_eeg.vhdr,sub-147/ses-01/eeg/sub-147_ses-01_task-rest_eeg.eeg,sub-147/ses-01/eeg/sub-147_ses-01_task-rest_eeg.vmrk,500,Pz,63,continuous
sub-148,ses-01,PD,1,M,,57.0,,57.0,,,,,EO,2012-01-02,0,sub-148/ses-01/eeg/sub-148_ses-01_task-rest_eeg.vhdr,sub-148/ses-01/eeg/sub-148_ses-01_task-rest_eeg.eeg,sub-148/ses-01/eeg/sub-148_ses-01_task-rest_eeg.vmrk,500,Pz,63,continuous
sub-149,ses-01,PD,1,M,,72.0,,72.0,,,,,EO,2008-05-07,0,sub-149/ses-01/eeg/sub-149_ses-01_task-rest_eeg.vhdr,sub-149/ses-01/eeg/sub-149_ses-01_task-rest_eeg.eeg,sub-149/ses-01/eeg/sub-149_ses-01_task-rest_eeg.vmrk,500,Pz,63,continuous
sub-15,ses-01,Control,0,M,White,72.2,16.0,72.2,30.0,,,,EO,2004-10-03,0,sub-15/ses-01/eeg/sub-15_ses-01_task-rest_eeg.vhdr,sub-15/ses-01/eeg/sub-15_ses-01_task-rest_eeg.eeg,sub-15/ses-01/eeg/sub-15_ses-01_task-rest_eeg.vmrk,500,Pz,63,continuous
sub-150,ses-01,PD,1,M,,77.0,,77.0,,,,,EO,2018-12-03,0,sub-150/ses-01/eeg/sub-150_ses-01_task-rest_eeg.vhdr,sub-150/ses-01/eeg/sub-150_ses-01_task-rest_eeg.eeg,sub-150/ses-01/eeg/sub-150_ses-01_task-rest_eeg.vmrk,500,Pz,63,continuous
sub-151,ses-01,PD,1,F,,77.0,,77.0,,,,,EO,2018-10-02,0,sub-151/ses-01/eeg/sub-151_ses-01_task-rest_eeg.vhdr,sub-151/ses-01/eeg/sub-151_ses-01_task-rest_eeg.eeg,sub-151/ses-01/eeg/sub-151_ses-01_task-rest_eeg.vmrk,500,Pz,63,continuous
sub-152,ses-01,PD,1,M,,83.0,18.0,83.0,25.0,15.0,1.91,750.0,EO,2018-11-15,0,sub-152/ses-01/eeg/sub-152_ses-01_task-rest_eeg.vhdr,sub-152/ses-01/eeg/sub-152_ses-01_task-rest_eeg.eeg,sub-152/ses-01/eeg/sub-152_ses-01_task-rest_eeg.vmrk,500,Pz,63,continuous
sub-152,ses-02,PD,1,M,,83.0,18.0,83.0,25.0,10.0,4.0,750.0,EO,2018-12-13,28,sub-152/ses-02/eeg/sub-152_ses-02_task-rest_eeg.vhdr,sub-152/ses-02/eeg/sub-152_ses-02_task-rest_eeg.eeg,sub-152/ses-02/eeg/sub-152_ses-02_task-rest_eeg.vmrk,500,Pz,63,continuous
sub-153,ses-01,PD,1,M,,72.0,16.0,72.0,24.0,19.0,10.98,1610.0,EO,2019-08-23,0,sub-153/ses-01/eeg/sub-153_ses-01_task-rest_eeg.vhdr,sub-153/ses-01/eeg/sub-153_ses-01_task-rest_eeg.eeg,sub-153/ses-01/eeg/sub-153_ses-01_task-rest_eeg.vmrk,500,Pz,63,continuous
sub-153,ses-02,PD,1,M,,72.0,16.0,73.0,26.0,9.0,9.0,1160.0,EO,2021-01-15,511,sub-153/ses-02/eeg/sub-153_ses-02_task-rest_eeg.vhdr,sub-153/ses-02/eeg/sub-153_ses-02_task-rest_eeg.eeg,sub-153/ses-02/eeg/sub-153_ses-02_task-rest_eeg.vmrk,500,Pz,63,continuous
sub-153,ses-03,PD,1,M,,72.0,16.0,75.0,,,,,EO,2022-08-04,1077,sub-153/ses-03/eeg/sub-153_ses-03_task-rest_eeg.vhdr,sub-153/ses-03/eeg/sub-153_ses-03_task-rest_eeg.eeg,sub-153/ses-03/eeg/sub-153_ses-03_task-rest_eeg.vmrk,25000,Pz,63,continuous
sub-153,ses-04,PD,1,M,,72.0,16.0,77.0,,,,,EO,2024-07-07,1780,sub-153/ses-04/eeg/sub-153_ses-04_task-rest_eeg.vhdr,sub-153/ses-04/eeg/sub-153_ses-04_task-rest_eeg.eeg,sub-153/ses-04/eeg/sub-153_ses-04_task-rest_eeg.vmrk,500,Pz,63,continuous
sub-154,ses-01,PD,1,M,,67.0,18.0,67.0,23.0,29.0,2.07,500.0,EO,2020-06-06,0,sub-154/ses-01/eeg/sub-154_ses-01_task-rest_eeg.vhdr,sub-154/ses-01/eeg/sub-154_ses-01_task-rest_eeg.eeg,sub-154/ses-01/eeg/sub-154_ses-01_task-rest_eeg.vmrk,500,Pz,63,continuous
sub-154,ses-02,PD,1,M,,67.0,18.0,68.0,26.0,10.0,2.0,500.0,EO,2021-11-14,526,sub-154/ses-02/eeg/sub-154_ses-02_task-rest_eeg.vhdr,sub-154/ses-02/eeg/sub-154_ses-02_task-rest_eeg.eeg,sub-154/ses-02/eeg/sub-154_ses-02_task-rest_eeg.vmrk,500,Pz,63,continuous
sub-155,ses-01,PD,1,M,,77.0,23.0,77.0,22.0,22.0,0.85,300.0,EO,2000-02-17,0,sub-155/ses-01/eeg/sub-155_ses-01_task-rest_eeg.vhdr,sub-155/ses-01/eeg/sub-155_ses-01_task-rest_eeg.eeg,sub-155/ses-01/eeg/sub-155_ses-01_task-rest_eeg.vmrk,500,Pz,63,continuous
sub-155,ses-02,PD,1,M,,77.0,23.0,76.0,22.0,13.0,1.0,300.0,EO,2000-03-09,21,sub-155/ses-02/eeg/sub-155_ses-02_task-rest_eeg.vhdr,sub-155/ses-02/eeg/sub-155_ses-02_task-rest_eeg.eeg,sub-155/ses-02/eeg/sub-155_ses-02_task-rest_eeg.vmrk,500,Pz,63,continuous
sub-155,ses-03,PD,1,M,,77.0,23.0,79.0,,,,,EO,2002-12-19,1036,sub-155/ses-03/eeg/sub-155_ses-03_task-rest_eeg.vhdr,sub-155/ses-03/eeg/sub-155_ses-03_task-rest_eeg.eeg,sub-155/ses-03/eeg/sub-155_ses-03_task-rest_eeg.vmrk,25000,Pz,63,continuous
sub-155,ses-04,PD,1,M,,77.0,23.0,82.0,,,,,EO,2005-02-24,1834,sub-155/ses-04/eeg/sub-155_ses-04_task-rest_eeg.vhdr,sub-155/ses-04/eeg/sub-155_ses-04_task-rest_eeg.eeg,sub-155/ses-04/eeg/sub-155_ses-04_task-rest_eeg.vmrk,500,Pz,63,continuous
sub-156,ses-01,PD,1,F,,65.0,13.0,65.0,29.0,31.0,3.87,450.0,EO,2008-07-03,0,sub-156/ses-01/eeg/sub-156_ses-01_task-rest_eeg.vhdr,sub-156/ses-01/eeg/sub-156_ses-01_task-rest_eeg.eeg,sub-156/ses-01/eeg/sub-156_ses-01_task-rest_eeg.vmrk,500,Pz,63,continuous
sub-156,ses-02,PD,1,F,,65.0,13.0,67.0,,,,,EO,2011-06-01,1063,sub-156/ses-02/eeg/sub-156_ses-02_task-rest_eeg.vhdr,sub-156/ses-02/eeg/sub-156_ses-02_task-rest_eeg.eeg,sub-156/ses-02/eeg/sub-156_ses-02_task-rest_eeg.vmrk,25000,Pz,63,continuous
sub-156,ses-03,PD,1,F,,65.0,13.0,71.0,,,,,EO,2015-02-18,2421,sub-156/ses-03/eeg/sub-156_ses-03_task-rest_eeg.vhdr,sub-156/ses-03/eeg/sub-156_ses-03_task-rest_eeg.eeg,sub-156/ses-03/eeg/sub-156_ses-03_task-rest_eeg.vmrk,500,Pz,63,continuous
sub-157,ses-01,PD,1,F,,83.0,16.0,83.0,26.0,21.0,9.89,600.0,EO,2003-01-07,0,sub-157/ses-01/eeg/sub-157_ses-01_task-rest_eeg.vhdr,sub-157/ses-01/eeg/sub-157_ses-01_task-rest_eeg.eeg,sub-157/ses-01/eeg/sub-157_ses-01_task-rest_eeg.vmrk,500,Pz,63,continuous
sub-157,ses-02,PD,1,F,,83.0,16.0,85.0,29.0,2.0,2.0,600.0,EO,2004-05-26,505,sub-157/ses-02/eeg/sub-157_ses-02_task-rest_eeg.vhdr,sub-157/ses-02/eeg/sub-157_ses-02_task-rest_eeg.eeg,sub-157/ses-02/eeg/sub-157_ses-02_task-rest_eeg.vmrk,500,Pz,63,continuous
sub-158,ses-01,PD,1,M,,73.0,16.0,73.0,25.0,23.0,6.06,550.0,EO,2012-10-22,0,sub-158/ses-01/eeg/sub-158_ses-01_task-rest_eeg.vhdr,sub-158/ses-01/eeg/sub-158_ses-01_task-rest_eeg.eeg,sub-158/ses-01/eeg/sub-158_ses-01_task-rest_eeg.vmrk,500,Pz,63,continuous
sub-159,ses-01,PD,1,M,,68.0,16.0,68.0,22.0,25.0,6.13,840.0,EO,2006-07-26,0,sub-159/ses-01/eeg/sub-159_ses-01_task-rest_eeg.vhdr,sub-159/ses-01/eeg/sub-159_ses-01_task-rest_eeg.eeg,sub-159/ses-01/eeg/sub-159_ses-01_task-rest_eeg.vmrk,500,Pz,63,continuous
sub-16,ses-01,Control,0,F,White,74.0,16.0,74.0,26.0,,,,EO,2006-11-09,0,sub-16/ses-01/eeg/sub-16_ses-01_task-rest_eeg.vhdr,sub-16/ses-01/eeg/sub-16_ses-01_task-rest_eeg.eeg,sub-16/ses-01/eeg/sub-16_ses-01_task-rest_eeg.vmrk,500,Pz,63,continuous
sub-160,ses-01,PD,1,M,,62.0,12.0,62.0,24.0,10.0,0.79,300.0,EO,2008-09-21,0,sub-160/ses-01/eeg/sub-160_ses-01_task-rest_eeg.vhdr,sub-160/ses-01/eeg/sub-160_ses-01_task-rest_eeg.eeg,sub-160/ses-01/eeg/sub-160_ses-01_task-rest_eeg.vmrk,500,Pz,63,continuous
sub-160,ses-02,PD,1,M,,62.0,12.0,62.0,27.0,5.0,1.0,300.0,EO,2009-11-10,415,sub-160/ses-02/eeg/sub-160_ses-02_task-rest_eeg.vhdr,sub-160/ses-02/eeg/sub-160_ses-02_task-rest_eeg.eeg,sub-160/ses-02/eeg/sub-160_ses-02_task-rest_eeg.vmrk,500,Pz,63,continuous
sub-161,ses-01,PD,1,M,,70.0,12.0,70.0,25.0,3.0,0.31,0.0,EO,2015-07-27,0,sub-161/ses-01/eeg/sub-161_ses-01_task-rest_eeg.vhdr,sub-161/ses-01/eeg/sub-161_ses-01_task-rest_eeg.eeg,sub-161/ses-01/eeg/sub-161_ses-01_task-rest_eeg.vmrk,500,Pz,63,continuous
sub-162,ses-01,PD,1,F,,55.0,12.0,55.0,22.0,21.0,8.49,998.0,EO,2016-07-13,0,sub-162/ses-01/eeg/sub-162_ses-01_task-rest_eeg.vhdr,sub-162/ses-01/eeg/sub-162_ses-01_task-rest_eeg.eeg,sub-162/ses-01/eeg/sub-162_ses-01_task-rest_eeg.vmrk,500,Pz,63,continuous
sub-163,ses-01,PD,1,M,,73.0,20.0,73.0,22.0,20.0,0.62,300.0,EO,2004-07-10,0,sub-163/ses-01/eeg/sub-163_ses-01_task-rest_eeg.vhdr,sub-163/ses-01/eeg/sub-163_ses-01_task-rest_eeg.eeg,sub-163/ses-01/eeg/sub-163_ses-01_task-rest_eeg.vmrk,500,Pz,63,continuous
sub-164,ses-01,PD,1,F,,52.0,18.0,52.0,30.0,15.0,1.49,300.0,EO,2005-05-06,0,sub-164/ses-01/eeg/sub-164_ses-01_task-rest_eeg.vhdr,sub-164/ses-01/eeg/sub-164_ses-01_task-rest_eeg.eeg,sub-164/ses-01/eeg/sub-164_ses-01_task-rest_eeg.vmrk,500,Pz,63,continuous
sub-164,ses-02,PD,1,F,,52.0,18.0,55.0,,,,,EO,2008-08-15,1197,sub-164/ses-02/eeg/sub-164_ses-02_task-rest_eeg.vhdr,sub-164/ses-02/eeg/sub-164_ses-02_task-rest_eeg.eeg,sub-164/ses-02/eeg/sub-164_ses-02_task-rest_eeg.vmrk,500,Pz,63,continuous
sub-165,ses-01,PD,1,F,,74.0,20.0,74.0,24.0,19.0,10.7,800.0,EO,2017-10-07,0,sub-165/ses-01/eeg/sub-165_ses-01_task-rest_eeg.vhdr,sub-165/ses-01/eeg/sub-165_ses-01_task-rest_eeg.eeg,sub-165/ses-01/eeg/sub-165_ses-01_task-rest_eeg.vmrk,500,Pz,63,continuous
sub-166,ses-01,PD,1,F,,75.0,12.0,75.0,27.0,4.0,6.19,250.0,EO,2008-11-13,0,sub-166/ses-01/eeg/sub-166_ses-01_task-rest_eeg.vhdr,sub-166/ses-01/eeg/sub-166_ses-01_task-rest_eeg.eeg,sub-166/ses-01/eeg/sub-166_ses-01_task-rest_eeg.vmrk,500,Pz,63,continuous
sub-167,ses-01,PD,1,M,,56.0,11.0,56.0,28.0,17.0,3.9,450.0,EO,2020-11-17,0,sub-167/ses-01/eeg/sub-167_ses-01_task-rest_eeg.vhdr,sub-167/ses-01/eeg/sub-167_ses-01_task-rest_eeg.eeg,sub-167/ses-01/eeg/sub-167_ses-01_task-rest_eeg.vmrk,500,Pz,63,continuous
sub-168,ses-01,PD,1,M,,55.0,18.0,55.0,30.0,17.0,4.54,690.0,EO,2015-08-02,0,sub-168/ses-01/eeg/sub-168_ses-01_task-rest_eeg.vhdr,sub-168/ses-01/eeg/sub-168_ses-01_task-rest_eeg.eeg,sub-168/ses-01/eeg/sub-168_ses-01_task-rest_eeg.vmrk,500,Pz,63,continuous
sub-168,ses-02,PD,1,M,,55.0,18.0,54.0,28.0,5.0,4.0,690.0,EO,2015-08-06,4,sub-168/ses-02/eeg/sub-168_ses-02_task-rest_eeg.vhdr,sub-168/ses-02/eeg/sub-168_ses-02_task-rest_eeg.eeg,sub-168/ses-02/eeg/sub-168_ses-02_task-rest_eeg.vmrk,500,Pz,63,continuous
sub-168,ses-03,PD,1,M,,55.0,18.0,56.0,,,,,EO,2016-11-14,470,sub-168/ses-03/eeg/sub-168_ses-03_task-rest_eeg.vhdr,sub-168/ses-03/eeg/sub-168_ses-03_task-rest_eeg.eeg,sub-168/ses-03/eeg/sub-168_ses-03_task-rest_eeg.vmrk,25000,Pz,63,continuous
sub-168,ses-04,PD,1,M,,55.0,18.0,57.0,,,,,EO,2018-03-22,963,sub-168/ses-04/eeg/sub-168_ses-04_task-rest_eeg.vhdr,sub-168/ses-04/eeg/sub-168_ses-04_task-rest_eeg.eeg,sub-168/ses-04/eeg/sub-168_ses-04_task-rest_eeg.vmrk,500,Pz,63,continuous
sub-169,ses-01,PD,1,M,,72.0,16.0,72.0,24.0,6.0,1.41,300.0,EO,2007-03-18,0,sub-169/ses-01/eeg/sub-169_ses-01_task-rest_eeg.vhdr,sub-169/ses-01/eeg/sub-169_ses-01_task-rest_eeg.eeg,sub-169/ses-01/eeg/sub-169_ses-01_task-rest_eeg.vmrk,500,Pz,63,continuous
sub-17,ses-01,Control,0,F,White,79.6,20.0,79.6,22.0,,,,EO,2005-01-26,0,sub-17/ses-01/eeg/sub-17_ses-01_task-rest_eeg.vhdr,sub-17/ses-01/eeg/sub-17_ses-01_task-rest_eeg.eeg,sub-17/ses-01/eeg/sub-17_ses-01_task-rest_eeg.vmrk,500,Pz,63,continuous
sub-170,ses-01,PD,1,M,,58.0,18.0,58.0,22.0,13.0,3.69,451.0,EO,2007-11-26,0,sub-170/ses-01/eeg/sub-170_ses-01_task-rest_eeg.vhdr,sub-170/ses-01/eeg/sub-170_ses-01_task-rest_eeg.eeg,sub-170/ses-01/eeg/sub-170_ses-01_task-rest_eeg.vmrk,500,Pz,63,continuous
sub-171,ses-01,PD,1,M,,67.0,18.0,67.0,28.0,5.0,0.28,300.0,EO,2013-10-17,0,sub-171/ses-01/eeg/sub-171_ses-01_task-rest_eeg.vhdr,sub-171/ses-01/eeg/sub-171_ses-01_task-rest_eeg.eeg,sub-171/ses-01/eeg/sub-171_ses-01_task-rest_eeg.vmrk,500,Pz,63,continuous
sub-172,ses-01,PD,1,F,,65.0,16.0,65.0,26.0,4.0,0.7,600.0,EO,2010-07-31,0,sub-172/ses-01/eeg/sub-172_ses-01_task-rest_eeg.vhdr,sub-172/ses-01/eeg/sub-172_ses-01_task-rest_eeg.eeg,sub-172/ses-01/eeg/sub-172_ses-01_task-rest_eeg.vmrk,500,Pz,63,continuous
sub-172,ses-02,PD,1,F,,65.0,16.0,66.0,,,,,EO,2011-10-04,430,sub-172/ses-02/eeg/sub-172_ses-02_task-rest_eeg.vhdr,sub-172/ses-02/eeg/sub-172_ses-02_task-rest_eeg.eeg,sub-172/ses-02/eeg/sub-172_ses-02_task-rest_eeg.vmrk,25000,Pz,63,continuous
sub-172,ses-03,PD,1,F,,65.0,16.0,68.0,,,,,EO,2012-12-15,868,sub-172/ses-03/eeg/sub-172_ses-03_task-rest_eeg.vhdr,sub-172/ses-03/eeg/sub-172_ses-03_task-rest_eeg.eeg,sub-172/ses-03/eeg/sub-172_ses-03_task-rest_eeg.vmrk,500,Pz,63,continuous
sub-173,ses-01,PD,1,F,,65.0,18.0,65.0,28.0,4.0,2.26,1350.0,EO,2019-05-02,0,sub-173/ses-01/eeg/sub-173_ses-01_task-rest_eeg.vhdr,sub-173/ses-01/eeg/sub-173_ses-01_task-rest_eeg.eeg,sub-173/ses-01/eeg/sub-173_ses-01_task-rest_eeg.vmrk,500,Pz,63,continuous
sub-174,ses-01,PD,1,M,,59.0,18.0,59.0,24.0,8.0,1.78,1200.0,EO,2000-03-25,0,sub-174/ses-01/eeg/sub-174_ses-01_task-rest_eeg.vhdr,sub-174/ses-01/eeg/sub-174_ses-01_task-rest_eeg.eeg,sub-174/ses-01/eeg/sub-174_ses-01_task-rest_eeg.vmrk,500,Pz,63,continuous
sub-175,ses-01,PD,1,F,,69.0,16.0,69.0,27.0,5.0,0.84,300.0,EO,2013-12-16,0,sub-175/ses-01/eeg/sub-175_ses-01_task-rest_eeg.vhdr,sub-175/ses-01/eeg/sub-175_ses-01_task-rest_eeg.eeg,sub-175/ses-01/eeg/sub-175_ses-01_task-rest_eeg.vmrk,500,Pz,63,continuous
sub-176,ses-01,PD,1,F,,65.0,18.0,65.0,28.0,3.0,1.65,250.0,EO,2013-08-16,0,sub-176/ses-01/eeg/sub-176_ses-01_task-rest_eeg.vhdr,sub-176/ses-01/eeg/sub-176_ses-01_task-rest_eeg.eeg,sub-176/ses-01/eeg/sub-176_ses-01_task-rest_eeg.vmrk,500,Pz,63,continuous
sub-176,ses-02,PD,1,F,,65.0,18.0,65.0,,,,,EO,2014-11-14,455,sub-176/ses-02/eeg/sub-176_ses-02_task-rest_eeg.vhdr,sub-176/ses-02/eeg/sub-176_ses-02_task-rest_eeg.eeg,sub-176/ses-02/eeg/sub-176_ses-02_task-rest_eeg.vmrk,25000,Pz,63,continuous
sub-176,ses-03,PD,1,F,,65.0,18.0,67.0,,,,,EO,2016-03-23,950,sub-176/ses-03/eeg/sub-176_ses-03_task-rest_eeg.vhdr,sub-176/ses-03/eeg/sub-176_ses-03_task-rest_eeg.eeg,sub-176/ses-03/eeg/sub-176_ses-03_task-rest_eeg.vmrk,500,Pz,63,continuous
sub-177,ses-01,PD,1,M,,72.0,18.0,72.0,26.0,12.0,11.92,800.0,EO,2002-08-26,0,sub-177/ses-01/eeg/sub-177_ses-01_task-rest_eeg.vhdr,sub-177/ses-01/eeg/sub-177_ses-01_task-rest_eeg.eeg,sub-177/ses-01/eeg/sub-177_ses-01_task-rest_eeg.vmrk,500,Pz,63,continuous
sub-177,ses-02,PD,1,M,,72.0,18.0,72.0,,,,,EO,2003-10-20,420,sub-177/ses-02/eeg/sub-177_ses-02_task-rest_eeg.vhdr,sub-177/ses-02/eeg/sub-177_ses-02_task-rest_eeg.eeg,sub-177/ses-02/eeg/sub-177_ses-02_task-rest_eeg.vmrk,25000,Pz,63,continuous
sub-178,ses-01,PD,1,M,,61.0,16.0,61.0,26.0,5.0,0.86,250.0,EO,2007-04-11,0,sub-178/ses-01/eeg/sub-178_ses-01_task-rest_eeg.vhdr,sub-178/ses-01/eeg/sub-178_ses-01_task-rest_eeg.eeg,sub-178/ses-01/eeg/sub-178_ses-01_task-rest_eeg.vmrk,500,Pz,63,continuous
sub-179,ses-01,PD,1,F,,61.0,18.0,61.0,28.0,6.0,0.39,100.0,EO,2005-01-06,0,sub-179/ses-01/eeg/sub-179_ses-01_task-rest_eeg.vhdr,sub-179/ses-01/eeg/sub-179_ses-01_task-rest_eeg.eeg,sub-179/ses-01/eeg/sub-179_ses-01_task-rest_eeg.vmrk,500,Pz,63,continuous
sub-179,ses-02,PD,1,F,,61.0,18.0,61.0,,,,,EO,2006-01-30,389,sub-179/ses-02/eeg/sub-179_ses-02_task-rest_eeg.vhdr,sub-179/ses-02/eeg/sub-179_ses-02_task-rest_eeg.eeg,sub-179/ses-02/eeg/sub-179_ses-02_task-rest_eeg.vmrk,25000,Pz,63,continuous
sub-179,ses-03,PD,1,F,,61.0,18.0,63.0,,,,,EO,2007-05-17,861,sub-179/ses-03/eeg/sub-179_ses-03_task-rest_eeg.vhdr,sub-179/ses-03/eeg/sub-179_ses-03_task-rest_eeg.eeg,sub-179/ses-03/eeg/sub-179_ses-03_task-rest_eeg.vmrk,500,Pz,63,continuous
sub-18,ses-01,Control,0,F,Asian,67.6,20.0,67.6,29.0,,,,EO,2009-05-14,0,sub-18/ses-01/eeg/sub-18_ses-01_task-rest_eeg.vhdr,sub-18/ses-01/eeg/sub-18_ses-01_task-rest_eeg.eeg,sub-18/ses-01/eeg/sub-18_ses-01_task-rest_eeg.vmrk,500,Pz,63,continuous
sub-180,ses-01,PD,1,M,,77.0,18.0,77.0,24.0,4.0,1.18,0.0,EO,2006-05-11,0,sub-180/ses-01/eeg/sub-180_ses-01_task-rest_eeg.vhdr,sub-180/ses-01/eeg/sub-180_ses-01_task-rest_eeg.eeg,sub-180/ses-01/eeg/sub-180_ses-01_task-rest_eeg.vmrk,500,Pz,63,continuous
sub-181,ses-01,PD,1,M,,69.0,16.0,69.0,24.0,5.0,6.28,600.0,EO,2015-08-29,0,sub-181/ses-01/eeg/sub-181_ses-01_task-rest_eeg.vhdr,sub-181/ses-01/eeg/sub-181_ses-01_task-rest_eeg.eeg,sub-181/ses-01/eeg/sub-181_ses-01_task-rest_eeg.vmrk,500,Pz,63,continuous
sub-181,ses-02,PD,1,M,,69.0,16.0,69.0,,,,,EO,2016-10-17,415,sub-181/ses-02/eeg/sub-181_ses-02_task-rest_eeg.vhdr,sub-181/ses-02/eeg/sub-181_ses-02_task-rest_eeg.eeg,sub-181/ses-02/eeg/sub-181_ses-02_task-rest_eeg.vmrk,25000,Pz,63,continuous
sub-181,ses-03,PD,1,M,,69.0,16.0,71.0,,,,,EO,2018-03-07,921,sub-181/ses-03/eeg/sub-181_ses-03_task-rest_eeg.vhdr,sub-181/ses-03/eeg/sub-181_ses-03_task-rest_eeg.eeg,sub-181/ses-03/eeg/sub-181_ses-03_task-rest_eeg.vmrk,500,Pz,63,continuous
sub-182,ses-01,PD,1,M,,75.0,22.0,75.0,24.0,17.0,5.3,450.0,EO,2005-02-24,0,sub-182/ses-01/eeg/sub-182_ses-01_task-rest_eeg.vhdr,sub-182/ses-01/eeg/sub-182_ses-01_task-rest_eeg.eeg,sub-182/ses-01/eeg/sub-182_ses-01_task-rest_eeg.vmrk,500,Pz,63,continuous
sub-183,ses-01,PD,1,M,,70.0,13.0,70.0,22.0,11.0,5.56,737.0,EO,2002-06-17,0,sub-183/ses-01/eeg/sub-183_ses-01_task-rest_eeg.vhdr,sub-183/ses-01/eeg/sub-183_ses-01_task-rest_eeg.eeg,sub-183/ses-01/eeg/sub-183_ses-01_task-rest_eeg.vmrk,500,Pz,63,continuous
sub-184,ses-01,PD,1,M,,80.0,12.0,80.0,19.0,28.0,3.0,1450.0,EO,2014-12-03,0,sub-184/ses-01/eeg/sub-184_ses-01_task-rest_eeg.vhdr,sub-184/ses-01/eeg/sub-184_ses-01_task-rest_eeg.eeg,sub-184/ses-01/eeg/sub-184_ses-01_task-rest_eeg.vmrk,500,Pz,63,continuous
sub-184,ses-02,PD,1,M,,80.0,12.0,87.0,,,,,EO,2022-08-16,2813,sub-184/ses-02/eeg/sub-184_ses-02_task-rest_eeg.vhdr,sub-184/ses-02/eeg/sub-184_ses-02_task-rest_eeg.eeg,sub-184/ses-02/eeg/sub-184_ses-02_task-rest_eeg.vmrk,500,Pz,63,continuous
sub-185,ses-01,PD,1,M,,81.0,12.0,81.0,17.0,25.0,5.0,1675.0,EO,2004-02-03,0,sub-185/ses-01/eeg/sub-185_ses-01_task-rest_eeg.vhdr,sub-185/ses-01/eeg/sub-185_ses-01_task-rest_eeg.eeg,sub-185/ses-01/eeg/sub-185_ses-01_task-rest_eeg.vmrk,500,Pz,63,continuous
sub-186,ses-01,PD,1,F,,68.0,15.0,68.0,26.0,10.0,5.0,1050.0,EO,2010-01-02,0,sub-186/ses-01/eeg/sub-186_ses-01_task-rest_eeg.vhdr,sub-186/ses-01/eeg/sub-186_ses-01_task-rest_eeg.eeg,sub-186/ses-01/eeg/sub-186_ses-01_task-rest_eeg.vmrk,500,Pz,63,continuous
sub-187,ses-01,PD,1,M,,80.0,20.0,80.0,22.0,10.0,6.0,825.0,EO,2003-01-03,0,sub-187/ses-01/eeg/sub-187_ses-01_task-rest_eeg.vhdr,sub-187/ses-01/eeg/sub-187_ses-01_task-rest_eeg.eeg,sub-187/ses-01/eeg/sub-187_ses-01_task-rest_eeg.vmrk,500,Pz,63,continuous
sub-188,ses-01,PD,1,M,,56.0,14.0,56.0,21.0,13.0,5.0,1600.0,EO,2014-03-04,0,sub-188/ses-01/eeg/sub-188_ses-01_task-rest_eeg.vhdr,sub-188/ses-01/eeg/sub-188_ses-01_task-rest_eeg.eeg,sub-188/ses-01/eeg/sub-188_ses-01_task-rest_eeg.vmrk,500,Pz,63,continuous
sub-189,ses-01,PD,1,M,,69.0,18.0,69.0,29.0,10.0,4.0,950.0,EO,2016-04-23,0,sub-189/ses-01/eeg/sub-189_ses-01_task-rest_eeg.vhdr,sub-189/ses-01/eeg/sub-189_ses-01_task-rest_eeg.eeg,sub-189/ses-01/eeg/sub-189_ses-01_task-rest_eeg.vmrk,500,Pz,63,continuous
sub-19,ses-01,Control,0,M,White,66.8,20.0,66.8,24.0,,,,EO,2005-06-26,0,sub-19/ses-01/eeg/sub-19_ses-01_task-rest_eeg.vhdr,sub-19/ses-01/eeg/sub-19_ses-01_task-rest_eeg.eeg,sub-19/ses-01/eeg/sub-19_ses-01_task-rest_eeg.vmrk,500,Pz,63,continuous
sub-190,ses-01,PD,1,F,,66.0,16.0,66.0,28.0,11.0,7.0,1640.0,EO,2019-10-10,0,sub-190/ses-01/eeg/sub-190_ses-01_task-rest_eeg.vhdr,sub-190/ses-01/eeg/sub-190_ses-01_task-rest_eeg.eeg,sub-190/ses-01/eeg/sub-190_ses-01_task-rest_eeg.vmrk,500,Pz,63,continuous
sub-191,ses-01,PD,1,M,,65.0,12.0,65.0,20.0,15.0,6.0,2075.0,EO,2019-12-28,0,sub-191/ses-01/eeg/sub-191_ses-01_task-rest_eeg.vhdr,sub-191/ses-01/eeg/sub-191_ses-01_task-rest_eeg.eeg,sub-191/ses-01/eeg/sub-191_ses-01_task-rest_eeg.vmrk,500,Pz,63,continuous
sub-192,ses-01,PD,1,F,,53.0,14.0,53.0,18.0,16.0,4.0,500.0,EO,2000-11-08,0,sub-192/ses-01/eeg/sub-192_ses-01_task-rest_eeg.vhdr,sub-192/ses-01/eeg/sub-192_ses-01_task-rest_eeg.eeg,sub-192/ses-01/eeg/sub-192_ses-01_task-rest_eeg.vmrk,500,Pz,63,continuous
sub-193,ses-01,PD,1,M,,74.0,16.0,74.0,25.0,9.0,3.0,350.0,EO,2004-10-11,0,sub-193/ses-01/eeg/sub-193_ses-01_task-rest_eeg.vhdr,sub-193/ses-01/eeg/sub-193_ses-01_task-rest_eeg.eeg,sub-193/ses-01/eeg/sub-193_ses-01_task-rest_eeg.vmrk,500,Pz,63,continuous
sub-194,ses-01,PD,1,M,,70.0,19.0,70.0,25.0,15.0,10.0,980.0,EO,2020-05-09,0,sub-194/ses-01/eeg/sub-194_ses-01_task-rest_eeg.vhdr,sub-194/ses-01/eeg/sub-194_ses-01_task-rest_eeg.eeg,sub-194/ses-01/eeg/sub-194_ses-01_task-rest_eeg.vmrk,500,Pz,63,continuous
sub-194,ses-02,PD,1,M,,70.0,19.0,77.0,,,,,EO,2026-04-20,2172,sub-194/ses-02/eeg/sub-194_ses-02_task-rest_eeg.vhdr,sub-194/ses-02/eeg/sub-194_ses-02_task-rest_eeg.eeg,sub-194/ses-02/eeg/sub-194_ses-02_task-rest_eeg.vmrk,500,Pz,63,continuous
sub-195,ses-01,PD,1,M,,69.0,18.0,69.0,19.0,28.0,1.0,600.0,EO,2017-10-02,0,sub-195/ses-01/eeg/sub-195_ses-01_task-rest_eeg.vhdr,sub-195/ses-01/eeg/sub-195_ses-01_task-rest_eeg.eeg,sub-195/ses-01/eeg/sub-195_ses-01_task-rest_eeg.vmrk,500,Pz,63,continuous
sub-196,ses-01,PD,1,M,,78.0,12.0,78.0,16.0,20.0,10.0,1500.0,EO,2011-03-25,0,sub-196/ses-01/eeg/sub-196_ses-01_task-rest_eeg.vhdr,sub-196/ses-01/eeg/sub-196_ses-01_task-rest_eeg.eeg,sub-196/ses-01/eeg/sub-196_ses-01_task-rest_eeg.vmrk,500,Pz,63,continuous
sub-197,ses-01,PD,1,F,,70.0,20.0,70.0,25.0,9.0,2.0,600.0,EO,2011-07-07,0,sub-197/ses-01/eeg/sub-197_ses-01_task-rest_eeg.vhdr,sub-197/ses-01/eeg/sub-197_ses-01_task-rest_eeg.eeg,sub-197/ses-01/eeg/sub-197_ses-01_task-rest_eeg.vmrk,500,Pz,63,continuous
sub-198,ses-01,PD,1,M,,65.0,14.0,65.0,21.0,18.0,14.0,1900.0,EO,2013-07-28,0,sub-198/ses-01/eeg/sub-198_ses-01_task-rest_eeg.vhdr,sub-198/ses-01/eeg/sub-198_ses-01_task-rest_eeg.eeg,sub-198/ses-01/eeg/sub-198_ses-01_task-rest_eeg.vmrk,500,Pz,63,continuous
sub-199,ses-01,PD,1,M,,60.0,13.0,60.0,26.0,3.0,4.0,500.0,EO,2020-07-12,0,sub-199/ses-01/eeg/sub-199_ses-01_task-rest_eeg.vhdr,sub-199/ses-01/eeg/sub-199_ses-01_task-rest_eeg.eeg,sub-199/ses-01/eeg/sub-199_ses-01_task-rest_eeg.vmrk,500,Pz,63,continuous
sub-2,ses-01,Control,0,M,White,64.7,24.0,64.7,28.0,,,,EO,2013-09-27,0,sub-2/ses-01/eeg/sub-2_ses-01_task-rest_eeg.vhdr,sub-2/ses-01/eeg/sub-2_ses-01_task-rest_eeg.eeg,sub-2/ses-01/eeg/sub-2_ses-01_task-rest_eeg.vmrk,500,Pz,63,continuous
sub-2,ses-02,Control,0,M,White,64.7,24.0,67.0,,,,,EO,2016-04-18,934,sub-2/ses-02/eeg/sub-2_ses-02_task-rest_eeg.vhdr,sub-2/ses-02/eeg/sub-2_ses-02_task-rest_eeg.eeg,sub-2/ses-02/eeg/sub-2_ses-02_task-rest_eeg.vmrk,500,Pz,63,continuous
sub-20,ses-01,Control,0,F,White,66.5,19.0,66.5,29.0,,,,EO,2006-08-26,0,sub-20/ses-01/eeg/sub-20_ses-01_task-rest_eeg.vhdr,sub-20/ses-01/eeg/sub-20_ses-01_task-rest_eeg.eeg,sub-20/ses-01/eeg/sub-20_ses-01_task-rest_eeg.vmrk,500,Pz,63,continuous
sub-200,ses-01,PD,1,M,,56.0,12.0,56.0,26.0,15.0,3.0,1150.0,EO,2001-11-28,0,sub-200/ses-01/eeg/sub-200_ses-01_task-rest_eeg.vhdr,sub-200/ses-01/eeg/sub-200_ses-01_task-rest_eeg.eeg,sub-200/ses-01/eeg/sub-200_ses-01_task-rest_eeg.vmrk,500,Pz,63,continuous
sub-201,ses-01,PD,1,M,,58.0,18.0,58.0,29.0,22.0,6.0,675.0,EO,2019-08-26,0,sub-201/ses-01/eeg/sub-201_ses-01_task-rest_eeg.vhdr,sub-201/ses-01/eeg/sub-201_ses-01_task-rest_eeg.eeg,sub-201/ses-01/eeg/sub-201_ses-01_task-rest_eeg.vmrk,500,Pz,63,continuous
sub-202,ses-01,PD,1,F,,74.0,18.0,74.0,25.0,27.0,5.0,350.0,EO,2004-08-12,0,sub-202/ses-01/eeg/sub-202_ses-01_task-rest_eeg.vhdr,sub-202/ses-01/eeg/sub-202_ses-01_task-rest_eeg.eeg,sub-202/ses-01/eeg/sub-202_ses-01_task-rest_eeg.vmrk,500,Pz,63,continuous
sub-203,ses-01,PD,1,F,,72.0,16.0,72.0,23.0,15.0,7.0,900.0,EO,2005-11-24,0,sub-203/ses-01/eeg/sub-203_ses-01_task-rest_eeg.vhdr,sub-203/ses-01/eeg/sub-203_ses-01_task-rest_eeg.eeg,sub-203/ses-01/eeg/sub-203_ses-01_task-rest_eeg.vmrk,500,Pz,63,continuous
sub-203,ses-02,PD,1,F,,72.0,16.0,78.0,,,,,EO,2012-09-11,2483,sub-203/ses-02/eeg/sub-203_ses-02_task-rest_eeg.vhdr,sub-203/ses-02/eeg/sub-203_ses-02_task-rest_eeg.eeg,sub-203/ses-02/eeg/sub-203_ses-02_task-rest_eeg.vmrk,500,Pz,63,continuous
sub-204,ses-01,PD,1,F,,61.0,18.0,61.0,27.0,12.0,6.0,550.0,EO,2017-02-15,0,sub-204/ses-01/eeg/sub-204_ses-01_task-rest_eeg.vhdr,sub-204/ses-01/eeg/sub-204_ses-01_task-rest_eeg.eeg,sub-204/ses-01/eeg/sub-204_ses-01_task-rest_eeg.vmrk,500,Pz,63,continuous
sub-205,ses-01,PD,1,F,,81.0,12.0,81.0,20.0,9.0,2.0,250.0,EO,2019-02-13,0,sub-205/ses-01/eeg/sub-205_ses-01_task-rest_eeg.vhdr,sub-205/ses-01/eeg/sub-205_ses-01_task-rest_eeg.eeg,sub-205/ses-01/eeg/sub-205_ses-01_task-rest_eeg.vmrk,500,Pz,63,continuous
sub-206,ses-01,PD,1,M,,57.0,12.0,57.0,23.0,21.0,5.0,1500.0,EO,2019-02-26,0,sub-206/ses-01/eeg/sub-206_ses-01_task-rest_eeg.vhdr,sub-206/ses-01/eeg/sub-206_ses-01_task-rest_eeg.eeg,sub-206/ses-01/eeg/sub-206_ses-01_task-rest_eeg.vmrk,500,Pz,63,continuous
sub-207,ses-01,PD,1,M,,52.0,19.0,52.0,26.0,1.0,2.0,450.0,EO,2020-09-27,0,sub-207/ses-01/eeg/sub-207_ses-01_task-rest_eeg.vhdr,sub-207/ses-01/eeg/sub-207_ses-01_task-rest_eeg.eeg,sub-207/ses-01/eeg/sub-207_ses-01_task-rest_eeg.vmrk,500,Pz,63,continuous
sub-208,ses-01,PD,1,M,,71.0,12.0,71.0,11.0,22.0,5.0,1000.0,EO,2007-03-06,0,sub-208/ses-01/eeg/sub-208_ses-01_task-rest_eeg.vhdr,sub-208/ses-01/eeg/sub-208_ses-01_task-rest_eeg.eeg,sub-208/ses-01/eeg/sub-208_ses-01_task-rest_eeg.vmrk,500,Pz,63,continuous
sub-209,ses-01,PD,1,F,,77.0,25.0,77.0,26.0,22.0,4.0,975.0,EO,2003-12-25,0,sub-209/ses-01/eeg/sub-209_ses-01_task-rest_eeg.vhdr,sub-209/ses-01/eeg/sub-209_ses-01_task-rest_eeg.eeg,sub-209/ses-01/eeg/sub-209_ses-01_task-rest_eeg.vmrk,500,Pz,63,continuous
sub-21,ses-01,Control,0,M,White,78.6,18.0,78.6,25.0,,,,EO,2014-03-16,0,sub-21/ses-01/eeg/sub-21_ses-01_task-rest_eeg.vhdr,sub-21/ses-01/eeg/sub-21_ses-01_task-rest_eeg.eeg,sub-21/ses-01/eeg/sub-21_ses-01_task-rest_eeg.vmrk,500,Pz,63,continuous
sub-210,ses-01,PD,1,F,,70.0,20.0,70.0,28.0,17.0,10.0,300.0,EO,2006-09-03,0,sub-210/ses-01/eeg/sub-210_ses-01_task-rest_eeg.vhdr,sub-210/ses-01/eeg/sub-210_ses-01_task-rest_eeg.eeg,sub-210/ses-01/eeg/sub-210_ses-01_task-rest_eeg.vmrk,500,Pz,63,continuous
sub-211,ses-01,PD,1,M,,60.0,12.0,60.0,24.0,8.0,10.0,1300.0,EO,2020-10-11,0,sub-211/ses-01/eeg/sub-211_ses-01_task-rest_eeg.vhdr,sub-211/ses-01/eeg/sub-211_ses-01_task-rest_eeg.eeg,sub-211/ses-01/eeg/sub-211_ses-01_task-rest_eeg.vmrk,500,Pz,63,continuous
sub-212,ses-01,PD,1,M,,84.0,16.0,84.0,24.0,10.0,3.0,300.0,EO,2020-05-14,0,sub-212/ses-01/eeg/sub-212_ses-01_task-rest_eeg.vhdr,sub-212/ses-01/eeg/sub-212_ses-01_task-rest_eeg.eeg,sub-212/ses-01/eeg/sub-212_ses-01_task-rest_eeg.vmrk,500,Pz,63,continuous
sub-213,ses-01,PD,1,M,,60.0,12.0,60.0,26.0,17.0,3.0,875.0,EO,2002-03-29,0,sub-213/ses-01/eeg/sub-213_ses-01_task-rest_eeg.vhdr,sub-213/ses-01/eeg/sub-213_ses-01_task-rest_eeg.eeg,sub-213/ses-01/eeg/sub-213_ses-01_task-rest_eeg.vmrk,500,Pz,63,continuous
sub-214,ses-01,PD,1,M,,82.0,16.0,82.0,24.0,21.0,6.0,615.0,EO,2001-05-07,0,sub-214/ses-01/eeg/sub-214_ses-01_task-rest_eeg.vhdr,sub-214/ses-01/eeg/sub-214_ses-01_task-rest_eeg.eeg,sub-214/ses-01/eeg/sub-214_ses-01_task-rest_eeg.vmrk,500,Pz,63,continuous
sub-215,ses-01,PD,1,M,,70.0,12.0,70.0,26.0,20.0,12.0,925.0,EO,2000-01-08,0,sub-215/ses-01/eeg/sub-215_ses-01_task-rest_eeg.vhdr,sub-215/ses-01/eeg/sub-215_ses-01_task-rest_eeg.eeg,sub-215/ses-01/eeg/sub-215_ses-01_task-rest_eeg.vmrk,500,Pz,63,continuous
sub-216,ses-01,PD,1,M,,64.0,20.0,64.0,18.0,21.0,13.0,1050.0,EO,2016-03-30,0,sub-216/ses-01/eeg/sub-216_ses-01_task-rest_eeg.vhdr,sub-216/ses-01/eeg/sub-216_ses-01_task-rest_eeg.eeg,sub-216/ses-01/eeg/sub-216_ses-01_task-rest_eeg.vmrk,500,Pz,63,continuous
sub-217,ses-01,PD,1,M,,77.0,18.0,77.0,25.0,4.0,2.0,150.0,EO,2006-05-28,0,sub-217/ses-01/eeg/sub-217_ses-01_task-rest_eeg.vhdr,sub-217/ses-01/eeg/sub-217_ses-01_task-rest_eeg.eeg,sub-217/ses-01/eeg/sub-217_ses-01_task-rest_eeg.vmrk,500,Pz,63,continuous
sub-218,ses-01,PD,1,M,,57.0,16.0,57.0,27.0,17.0,5.0,1150.0,EO,2007-09-08,0,sub-218/ses-01/eeg/sub-218_ses-01_task-rest_eeg.vhdr,sub-218/ses-01/eeg/sub-218_ses-01_task-rest_eeg.eeg,sub-218/ses-01/eeg/sub-218_ses-01_task-rest_eeg.vmrk,500,Pz,63,continuous
sub-219,ses-01,PD,1,F,,84.0,18.0,84.0,22.0,24.0,10.0,1700.0,EO,2017-06-02,0,sub-219/ses-01/eeg/sub-219_ses-01_task-rest_eeg.vhdr,sub-219/ses-01/eeg/sub-219_ses-01_task-rest_eeg.eeg,sub-219/ses-01/eeg/sub-219_ses-01_task-rest_eeg.vmrk,500,Pz,63,continuous
sub-22,ses-01,Control,0,F,White,77.8,22.0,77.8,20.0,,,,EO,2011-04-12,0,sub-22/ses-01/eeg/sub-22_ses-01_task-rest_eeg.vhdr,sub-22/ses-01/eeg/sub-22_ses-01_task-rest_eeg.eeg,sub-22/ses-01/eeg/sub-22_ses-01_task-rest_eeg.vmrk,500,Pz,63,continuous
sub-220,ses-01,PD,1,F,,68.0,14.0,68.0,27.0,4.0,2.0,450.0,EO,2000-01-10,0,sub-220/ses-01/eeg/sub-220_ses-01_task-rest_eeg.vhdr,sub-220/ses-01/eeg/sub-220_ses-01_task-rest_eeg.eeg,sub-220/ses-01/eeg/sub-220_ses-01_task-rest_eeg.vmrk,500,Pz,63,continuous
sub-221,ses-01,PD,1,M,,65.0,16.0,65.0,21.0,8.0,1.0,575.0,EO,2017-10-09,0,sub-221/ses-01/eeg/sub-221_ses-01_task-rest_eeg.vhdr,sub-221/ses-01/eeg/sub-221_ses-01_task-rest_eeg.eeg,sub-221/ses-01/eeg/sub-221_ses-01_task-rest_eeg.vmrk,500,Pz,63,continuous
sub-222,ses-01,PD,1,M,,65.0,12.0,65.0,26.0,9.0,10.0,1050.0,EO,2011-10-21,0,sub-222/ses-01/eeg/sub-222_ses-01_task-rest_eeg.vhdr,sub-222/ses-01/eeg/sub-222_ses-01_task-rest_eeg.eeg,sub-222/ses-01/eeg/sub-222_ses-01_task-rest_eeg.vmrk,500,Pz,63,continuous
sub-223,ses-01,PD,1,M,,66.0,20.0,66.0,27.0,21.0,6.0,950.0,EO,2012-05-16,0,sub-223/ses-01/eeg/sub-223_ses-01_task-rest_eeg.vhdr,sub-223/ses-01/eeg/sub-223_ses-01_task-rest_eeg.eeg,sub-223/ses-01/eeg/sub-223_ses-01_task-rest_eeg.vmrk,500,Pz,63,continuous
sub-224,ses-01,PD,1,M,,67.0,16.0,67.0,25.0,11.0,6.0,950.0,EO,2012-12-15,0,sub-224/ses-01/eeg/sub-224_ses-01_task-rest_eeg.vhdr,sub-224/ses-01/eeg/sub-224_ses-01_task-rest_eeg.eeg,sub-224/ses-01/eeg/sub-224_ses-01_task-rest_eeg.vmrk,500,Pz,63,continuous
sub-225,ses-01,PD,1,M,,71.0,20.0,71.0,24.0,7.0,3.0,600.0,EO,2011-04-27,0,sub-225/ses-01/eeg/sub-225_ses-01_task-rest_eeg.vhdr,sub-225/ses-01/eeg/sub-225_ses-01_task-rest_eeg.eeg,sub-225/ses-01/eeg/sub-225_ses-01_task-rest_eeg.vmrk,500,Pz,63,continuous
sub-226,ses-01,PD,1,M,,71.0,16.0,71.0,23.0,15.0,1.0,800.0,EO,2014-10-20,0,sub-226/ses-01/eeg/sub-226_ses-01_task-rest_eeg.vhdr,sub-226/ses-01/eeg/sub-226_ses-01_task-rest_eeg.eeg,sub-226/ses-01/eeg/sub-226_ses-01_task-rest_eeg.vmrk,500,Pz,63,continuous
sub-227,ses-01,PD,1,M,,80.0,12.0,80.0,17.0,11.0,13.0,1500.0,EO,2010-04-29,0,sub-227/ses-01/eeg/sub-227_ses-01_task-rest_eeg.vhdr,sub-227/ses-01/eeg/sub-227_ses-01_task-rest_eeg.eeg,sub-227/ses-01/eeg/sub-227_ses-01_task-rest_eeg.vmrk,500,Pz,63,continuous
sub-228,ses-01,PD,1,M,,65.0,20.0,65.0,30.0,17.0,4.0,600.0,EO,2011-01-19,0,sub-228/ses-01/eeg/sub-228_ses-01_task-rest_eeg.vhdr,sub-228/ses-01/eeg/sub-228_ses-01_task-rest_eeg.eeg,sub-228/ses-01/eeg/sub-228_ses-01_task-rest_eeg.vmrk,500,Pz,63,continuous
sub-229,ses-01,PD,1,F,,66.0,14.0,66.0,29.0,12.0,7.0,600.0,EO,2001-01-20,0,sub-229/ses-01/eeg/sub-229_ses-01_task-rest_eeg.vhdr,sub-229/ses-01/eeg/sub-229_ses-01_task-rest_eeg.eeg,sub-229/ses-01/eeg/sub-229_ses-01_task-rest_eeg.vmrk,500,Pz,63,continuous
sub-23,ses-01,Control,0,M,White,92.3,32.0,92.3,22.0,,,,EO,2020-10-27,0,sub-23/ses-01/eeg/sub-23_ses-01_task-rest_eeg.vhdr,sub-23/ses-01/eeg/sub-23_ses-01_task-rest_eeg.eeg,sub-23/ses-01/eeg/sub-23_ses-01_task-rest_eeg.vmrk,500,Pz,63,continuous
sub-230,ses-01,PD,1,M,,68.0,14.0,68.0,24.0,19.0,2.0,1400.0,EO,2008-07-05,0,sub-230/ses-01/eeg/sub-230_ses-01_task-rest_eeg.vhdr,sub-230/ses-01/eeg/sub-230_ses-01_task-rest_eeg.eeg,sub-230/ses-01/eeg/sub-230_ses-01_task-rest_eeg.vmrk,500,Pz,63,continuous
sub-231,ses-01,PD,1,M,,70.0,22.0,70.0,21.0,26.0,1.0,1150.0,EO,2019-06-16,0,sub-231/ses-01/eeg/sub-231_ses-01_task-rest_eeg.vhdr,sub-231/ses-01/eeg/sub-231_ses-01_task-rest_eeg.eeg,sub-231/ses-01/eeg/sub-231_ses-01_task-rest_eeg.vmrk,500,Pz,63,continuous
sub-232,ses-01,PD,1,F,,68.0,14.0,68.0,22.0,8.0,3.0,300.0,EO,2018-10-16,0,sub-232/ses-01/eeg/sub-232_ses-01_task-rest_eeg.vhdr,sub-232/ses-01/eeg/sub-232_ses-01_task-rest_eeg.eeg,sub-232/ses-01/eeg/sub-232_ses-01_task-rest_eeg.vmrk,500,Pz,63,continuous
sub-233,ses-01,PD,1,M,,68.0,15.0,68.0,28.0,8.0,5.0,750.0,EO,2007-11-27,0,sub-233/ses-01/eeg/sub-233_ses-01_task-rest_eeg.vhdr,sub-233/ses-01/eeg/sub-233_ses-01_task-rest_eeg.eeg,sub-233/ses-01/eeg/sub-233_ses-01_task-rest_eeg.vmrk,500,Pz,63,continuous
sub-234,ses-01,PD,1,F,,70.0,14.0,70.0,28.0,4.0,3.0,600.0,EO,2005-08-17,0,sub-234/ses-01/eeg/sub-234_ses-01_task-rest_eeg.vhdr,sub-234/ses-01/eeg/sub-234_ses-01_task-rest_eeg.eeg,sub-234/ses-01/eeg/sub-234_ses-01_task-rest_eeg.vmrk,500,Pz,63,continuous
sub-235,ses-01,PD,1,M,,58.0,12.0,58.0,23.0,15.0,3.0,875.0,EO,2020-02-02,0,sub-235/ses-01/eeg/sub-235_ses-01_task-rest_eeg.vhdr,sub-235/ses-01/eeg/sub-235_ses-01_task-rest_eeg.eeg,sub-235/ses-01/eeg/sub-235_ses-01_task-rest_eeg.vmrk,500,Pz,63,continuous
sub-236,ses-01,PD,1,M,,66.0,20.0,66.0,26.0,22.0,5.0,575.0,EO,2004-01-15,0,sub-236/ses-01/eeg/sub-236_ses-01_task-rest_eeg.vhdr,sub-236/ses-01/eeg/sub-236_ses-01_task-rest_eeg.eeg,sub-236/ses-01/eeg/sub-236_ses-01_task-rest_eeg.vmrk,500,Pz,63,continuous
sub-237,ses-01,PD,1,F,,66.0,12.0,66.0,25.0,26.0,10.0,300.0,EO,2020-07-10,0,sub-237/ses-01/eeg/sub-237_ses-01_task-rest_eeg.vhdr,sub-237/ses-01/eeg/sub-237_ses-01_task-rest_eeg.eeg,sub-237/ses-01/eeg/sub-237_ses-01_task-rest_eeg.vmrk,500,Pz,63,continuous
sub-238,ses-01,PD,1,M,,66.0,18.0,66.0,22.0,7.0,5.0,875.0,EO,2011-11-26,0,sub-238/ses-01/eeg/sub-238_ses-01_task-rest_eeg.vhdr,sub-238/ses-01/eeg/sub-238_ses-01_task-rest_eeg.eeg,sub-238/ses-01/eeg/sub-238_ses-01_task-rest_eeg.vmrk,500,Pz,63,continuous
sub-239,ses-01,PD,1,F,,73.0,18.0,73.0,25.0,13.0,6.0,1450.0,EO,2006-02-09,0,sub-239/ses-01/eeg/sub-239_ses-01_task-rest_eeg.vhdr,sub-239/ses-01/eeg/sub-239_ses-01_task-rest_eeg.eeg,sub-239/ses-01/eeg/sub-239_ses-01_task-rest_eeg.vmrk,500,Pz,63,continuous
sub-24,ses-01,Control,0,F,White,80.4,16.0,80.4,25.0,,,,EO,2005-12-05,0,sub-24/ses-01/eeg/sub-24_ses-01_task-rest_eeg.vhdr,sub-24/ses-01/eeg/sub-24_ses-01_task-rest_eeg.eeg,sub-24/ses-01/eeg/sub-24_ses-01_task-rest_eeg.vmrk,500,Pz,63,continuous
sub-240,ses-01,PD,1,M,,69.0,16.0,69.0,27.0,22.0,2.0,325.0,EO,2003-08-07,0,sub-240/ses-01/eeg/sub-240_ses-01_task-rest_eeg.vhdr,sub-240/ses-01/eeg/sub-240_ses-01_task-rest_eeg.eeg,sub-240/ses-01/eeg/sub-240_ses-01_task-rest_eeg.vmrk,500,Pz,63,continuous
sub-241,ses-01,PD,1,F,,71.0,18.0,71.0,29.0,9.0,2.0,700.0,EO,2000-07-09,0,sub-241/ses-01/eeg/sub-241_ses-01_task-rest_eeg.vhdr,sub-241/ses-01/eeg/sub-241_ses-01_task-rest_eeg.eeg,sub-241/ses-01/eeg/sub-241_ses-01_task-rest_eeg.vmrk,500,Pz,63,continuous
sub-242,ses-01,PD,1,M,,81.0,17.0,81.0,24.0,8.0,3.0,450.0,EO,2013-09-19,0,sub-242/ses-01/eeg/sub-242_ses-01_task-rest_eeg.vhdr,sub-242/ses-01/eeg/sub-242_ses-01_task-rest_eeg.eeg,sub-242/ses-01/eeg/sub-242_ses-01_task-rest_eeg.vmrk,500,Pz,63,continuous
sub-243,ses-01,PD,1,M,,67.0,16.0,67.0,28.0,22.0,3.0,1100.0,EO,2008-10-30,0,sub-243/ses-01/eeg/sub-243_ses-01_task-rest_eeg.vhdr,sub-243/ses-01/eeg/sub-243_ses-01_task-rest_eeg.eeg,sub-243/ses-01/eeg/sub-243_ses-01_task-rest_eeg.vmrk,500,Pz,63,continuous
sub-243,ses-02,PD,1,M,,67.0,16.0,73.0,,,,,EO,2013-10-20,1816,sub-243/ses-02/eeg/sub-243_ses-02_task-rest_eeg.vhdr,sub-243/ses-02/eeg/sub-243_ses-02_task-rest_eeg.eeg,sub-243/ses-02/eeg/sub-243_ses-02_task-rest_eeg.vmrk,500,Pz,63,continuous
sub-244,ses-01,PD,1,M,,68.0,26.0,68.0,27.0,17.0,6.0,1300.0,EO,2009-04-21,0,sub-244/ses-01/eeg/sub-244_ses-01_task-rest_eeg.vhdr,sub-244/ses-01/eeg/sub-244_ses-01_task-rest_eeg.eeg,sub-244/ses-01/eeg/sub-244_ses-01_task-rest_eeg.vmrk,500,Pz,63,continuous
sub-245,ses-01,PD,1,M,,62.0,14.0,62.0,28.0,8.0,24.0,950.0,EO,2003-01-27,0,sub-245/ses-01/eeg/sub-245_ses-01_task-rest_eeg.vhdr,sub-245/ses-01/eeg/sub-245_ses-01_task-rest_eeg.eeg,sub-245/ses-01/eeg/sub-245_ses-01_task-rest_eeg.vmrk,500,Pz,63,continuous
sub-246,ses-01,PD,1,M,,75.0,18.0,75.0,26.0,5.0,11.0,1475.0,EO,2013-02-26,0,sub-246/ses-01/eeg/sub-246_ses-01_task-rest_eeg.vhdr,sub-246/ses-01/eeg/sub-246_ses-01_task-rest_eeg.eeg,sub-246/ses-01/eeg/sub-246_ses-01_task-rest_eeg.vmrk,500,Pz,63,continuous
sub-247,ses-01,PD,1,M,,79.0,18.0,79.0,25.0,17.0,3.0,400.0,EO,2013-07-21,0,sub-247/ses-01/eeg/sub-247_ses-01_task-rest_eeg.vhdr,sub-247/ses-01/eeg/sub-247_ses-01_task-rest_eeg.eeg,sub-247/ses-01/eeg/sub-247_ses-01_task-rest_eeg.vmrk,500,Pz,63,continuous
sub-248,ses-01,PD,1,M,,52.0,17.0,52.0,28.0,17.0,8.0,1125.0,EO,2014-05-01,0,sub-248/ses-01/eeg/sub-248_ses-01_task-rest_eeg.vhdr,sub-248/ses-01/eeg/sub-248_ses-01_task-rest_eeg.eeg,sub-248/ses-01/eeg/sub-248_ses-01_task-rest_eeg.vmrk,500,Pz,63,continuous
sub-249,ses-01,PD,1,M,,72.0,12.0,72.0,22.0,5.0,3.0,450.0,EO,2016-06-15,0,sub-249/ses-01/eeg/sub-249_ses-01_task-rest_eeg.vhdr,sub-249/ses-01/eeg/sub-249_ses-01_task-rest_eeg.eeg,sub-249/ses-01/eeg/sub-249_ses-01_task-rest_eeg.vmrk,500,Pz,63,continuous
sub-25,ses-01,Control,0,M,White,76.2,16.0,76.2,24.0,,,,EO,2013-01-17,0,sub-25/ses-01/eeg/sub-25_ses-01_task-rest_eeg.vhdr,sub-25/ses-01/eeg/sub-25_ses-01_task-rest_eeg.eeg,sub-25/ses-01/eeg/sub-25_ses-01_task-rest_eeg.vmrk,500,Pz,63,continuous
sub-250,ses-01,PD,1,F,,86.0,12.0,86.0,27.0,15.0,1.0,300.0,EO,2003-06-23,0,sub-250/ses-01/eeg/sub-250_ses-01_task-rest_eeg.vhdr,sub-250/ses-01/eeg/sub-250_ses-01_task-rest_eeg.eeg,sub-250/ses-01/eeg/sub-250_ses-01_task-rest_eeg.vmrk,500,Pz,63,continuous
sub-251,ses-01,PD,1,F,,61.0,16.0,61.0,28.0,4.0,1.0,675.0,EO,2012-04-06,0,sub-251/ses-01/eeg/sub-251_ses-01_task-rest_eeg.vhdr,sub-251/ses-01/eeg/sub-251_ses-01_task-rest_eeg.eeg,sub-251/ses-01/eeg/sub-251_ses-01_task-rest_eeg.vmrk,500,Pz,63,continuous
sub-252,ses-01,PD,1,F,,54.0,16.0,54.0,29.0,7.0,5.0,600.0,EO,2015-09-08,0,sub-252/ses-01/eeg/sub-252_ses-01_task-rest_eeg.vhdr,sub-252/ses-01/eeg/sub-252_ses-01_task-rest_eeg.eeg,sub-252/ses-01/eeg/sub-252_ses-01_task-rest_eeg.vmrk,500,Pz,63,continuous
sub-253,ses-01,PD,1,M,,60.0,12.0,60.0,27.0,1.0,3.0,1025.0,EO,2015-12-12,0,sub-253/ses-01/eeg/sub-253_ses-01_task-rest_eeg.vhdr,sub-253/ses-01/eeg/sub-253_ses-01_task-rest_eeg.eeg,sub-253/ses-01/eeg/sub-253_ses-01_task-rest_eeg.vmrk,500,Pz,63,continuous
sub-254,ses-01,PD,1,M,,69.0,14.0,69.0,24.0,4.0,11.0,1600.0,EO,2007-05-30,0,sub-254/ses-01/eeg/sub-254_ses-01_task-rest_eeg.vhdr,sub-254/ses-01/eeg/sub-254_ses-01_task-rest_eeg.eeg,sub-254/ses-01/eeg/sub-254_ses-01_task-rest_eeg.vmrk,500,Pz,63,continuous
sub-255,ses-01,PD,1,F,,69.0,14.0,69.0,27.0,7.0,1.0,450.0,EO,2007-11-22,0,sub-255/ses-01/eeg/sub-255_ses-01_task-rest_eeg.vhdr,sub-255/ses-01/eeg/sub-255_ses-01_task-rest_eeg.eeg,sub-255/ses-01/eeg/sub-255_ses-01_task-rest_eeg.vmrk,500,Pz,63,continuous
sub-255,ses-02,PD,1,F,,69.0,14.0,73.0,,,,,EO,2012-04-02,1593,sub-255/ses-02/eeg/sub-255_ses-02_task-rest_eeg.vhdr,sub-255/ses-02/eeg/sub-255_ses-02_task-rest_eeg.eeg,sub-255/ses-02/eeg/sub-255_ses-02_task-rest_eeg.vmrk,500,Pz,63,continuous
sub-256,ses-01,PD,1,M,,68.0,14.0,68.0,21.0,1.0,1.0,600.0,EO,2004-02-10,0,sub-256/ses-01/eeg/sub-256_ses-01_task-rest_eeg.vhdr,sub-256/ses-01/eeg/sub-256_ses-01_task-rest_eeg.eeg,sub-256/ses-01/eeg/sub-256_ses-01_task-rest_eeg.vmrk,500,Pz,63,continuous
sub-257,ses-01,PD,1,F,,70.0,13.0,70.0,28.0,3.0,9.0,800.0,EO,2019-05-07,0,sub-257/ses-01/eeg/sub-257_ses-01_task-rest_eeg.vhdr,sub-257/ses-01/eeg/sub-257_ses-01_task-rest_eeg.eeg,sub-257/ses-01/eeg/sub-257_ses-01_task-rest_eeg.vmrk,500,Pz,63,continuous
sub-258,ses-01,PD,1,M,,74.0,12.0,74.0,23.0,19.0,2.0,1330.0,EO,2001-01-02,0,sub-258/ses-01/eeg/sub-258_ses-01_task-rest_eeg.vhdr,sub-258/ses-01/eeg/sub-258_ses-01_task-rest_eeg.eeg,sub-258/ses-01/eeg/sub-258_ses-01_task-rest_eeg.vmrk,500,Pz,63,continuous
sub-259,ses-01,PD,1,M,,65.0,15.0,65.0,20.0,7.0,1.0,225.0,EO,2014-01-29,0,sub-259/ses-01/eeg/sub-259_ses-01_task-rest_eeg.vhdr,sub-259/ses-01/eeg/sub-259_ses-01_task-rest_eeg.eeg,sub-259/ses-01/eeg/sub-259_ses-01_task-rest_eeg.vmrk,500,Pz,63,continuous
sub-26,ses-01,Control,0,F,White,75.8,18.0,75.8,27.0,,,,EO,2018-09-19,0,sub-26/ses-01/eeg/sub-26_ses-01_task-rest_eeg.vhdr,sub-26/ses-01/eeg/sub-26_ses-01_task-rest_eeg.eeg,sub-26/ses-01/eeg/sub-26_ses-01_task-rest_eeg.vmrk,500,Pz,63,continuous
sub-260,ses-01,PD,1,M,,66.0,14.0,66.0,22.0,4.0,1.0,900.0,EO,2002-03-10,0,sub-260/ses-01/eeg/sub-260_ses-01_task-rest_eeg.vhdr,sub-260/ses-01/eeg/sub-260_ses-01_task-rest_eeg.eeg,sub-260/ses-01/eeg/sub-260_ses-01_task-rest_eeg.vmrk,500,Pz,63,continuous
sub-261,ses-01,PD,1,F,,67.0,18.0,67.0,28.0,20.0,2.0,300.0,EO,2008-07-05,0,sub-261/ses-01/eeg/sub-261_ses-01_task-rest_eeg.vhdr,sub-261/ses-01/eeg/sub-261_ses-01_task-rest_eeg.eeg,sub-261/ses-01/eeg/sub-261_ses-01_task-rest_eeg.vmrk,500,Pz,63,continuous
sub-262,ses-01,PD,1,M,,74.0,12.0,74.0,27.0,18.0,4.0,,EO,2020-06-16,0,sub-262/ses-01/eeg/sub-262_ses-01_task-rest_eeg.vhdr,sub-262/ses-01/eeg/sub-262_ses-01_task-rest_eeg.eeg,sub-262/ses-01/eeg/sub-262_ses-01_task-rest_eeg.vmrk,500,Pz,63,continuous
sub-263,ses-01,PD,1,M,,69.0,16.0,69.0,30.0,15.0,1.0,300.0,EO,2003-05-07,0,sub-263/ses-01/eeg/sub-263_ses-01_task-rest_eeg.vhdr,sub-263/ses-01/eeg/sub-263_ses-01_task-rest_eeg.eeg,sub-263/ses-01/eeg/sub-263_ses-01_task-rest_eeg.vmrk,500,Pz,63,continuous
sub-264,ses-01,PD,1,F,,61.0,12.0,61.0,28.0,9.0,3.0,1600.0,EO,2013-06-09,0,sub-264/ses-01/eeg/sub-264_ses-01_task-rest_eeg.vhdr,sub-264/ses-01/eeg/sub-264_ses-01_task-rest_eeg.eeg,sub-264/ses-01/eeg/sub-264_ses-01_task-rest_eeg.vmrk,500,Pz,63,continuous
sub-265,ses-01,PD,1,F,,61.0,15.0,61.0,16.0,4.0,1.0,225.0,EO,2018-04-15,0,sub-265/ses-01/eeg/sub-265_ses-01_task-rest_eeg.vhdr,sub-265/ses-01/eeg/sub-265_ses-01_task-rest_eeg.eeg,sub-265/ses-01/eeg/sub-265_ses-01_task-rest_eeg.vmrk,500,Pz,63,continuous
sub-266,ses-01,PD,1,F,,71.0,18.0,71.0,29.0,2.0,1.0,375.0,EO,2011-01-11,0,sub-266/ses-01/eeg/sub-266_ses-01_task-rest_eeg.vhdr,sub-266/ses-01/eeg/sub-266_ses-01_task-rest_eeg.eeg,sub-266/ses-01/eeg/sub-266_ses-01_task-rest_eeg.vmrk,500,Pz,63,continuous
sub-267,ses-01,PD,1,M,,69.0,14.0,69.0,27.0,11.0,3.0,1150.0,EO,2004-02-17,0,sub-267/ses-01/eeg/sub-267_ses-01_task-rest_eeg.vhdr,sub-267/ses-01/eeg/sub-267_ses-01_task-rest_eeg.eeg,sub-267/ses-01/eeg/sub-267_ses-01_task-rest_eeg.vmrk,500,Pz,63,continuous
sub-268,ses-01,PD,1,F,,64.0,14.0,64.0,26.0,7.0,2.0,875.0,EO,2015-11-20,0,sub-268/ses-01/eeg/sub-268_ses-01_task-rest_eeg.vhdr,sub-268/ses-01/eeg/sub-268_ses-01_task-rest_eeg.eeg,sub-268/ses-01/eeg/sub-268_ses-01_task-rest_eeg.vmrk,500,Pz,63,continuous
sub-268,ses-02,PD,1,F,,64.0,14.0,68.0,,,,,EO,2020-02-02,1535,sub-268/ses-02/eeg/sub-268_ses-02_task-rest_eeg.vhdr,sub-268/ses-02/eeg/sub-268_ses-02_task-rest_eeg.eeg,sub-268/ses-02/eeg/sub-268_ses-02_task-rest_eeg.vmrk,500,Pz,63,continuous
sub-269,ses-01,PD,1,M,,77.0,14.0,77.0,12.0,8.0,1.0,600.0,EO,2008-10-20,0,sub-269/ses-01/eeg/sub-269_ses-01_task-rest_eeg.vhdr,sub-269/ses-01/eeg/sub-269_ses-01_task-rest_eeg.eeg,sub-269/ses-01/eeg/sub-269_ses-01_task-rest_eeg.vmrk,500,Pz,63,continuous
sub-27,ses-01,Control,0,M,White,65.6,23.0,65.6,28.0,,,,EO,2013-08-20,0,sub-27/ses-01/eeg/sub-27_ses-01_task-rest_eeg.vhdr,sub-27/ses-01/eeg/sub-27_ses-01_task-rest_eeg.eeg,sub-27/ses-01/eeg/sub-27_ses-01_task-rest_eeg.vmrk,500,Pz,63,continuous
sub-270,ses-01,PD,1,F,,48.0,17.0,48.0,23.0,4.0,1.0,210.0,EO,2008-05-12,0,sub-270/ses-01/eeg/sub-270_ses-01_task-rest_eeg.vhdr,sub-270/ses-01/eeg/sub-270_ses-01_task-rest_eeg.eeg,sub-270/ses-01/eeg/sub-270_ses-01_task-rest_eeg.vmrk,500,Pz,63,continuous
sub-270,ses-02,PD,1,F,,48.0,17.0,51.0,,,,,EO,2011-09-28,1234,sub-270/ses-02/eeg/sub-270_ses-02_task-rest_eeg.vhdr,sub-270/ses-02/eeg/sub-270_ses-02_task-rest_eeg.eeg,sub-270/ses-02/eeg/sub-270_ses-02_task-rest_eeg.vmrk,500,Pz,63,continuous
sub-271,ses-01,PD,1,M,,73.0,16.0,73.0,24.0,6.0,5.0,550.0,EO,2007-05-01,0,sub-271/ses-01/eeg/sub-271_ses-01_task-rest_eeg.vhdr,sub-271/ses-01/eeg/sub-271_ses-01_task-rest_eeg.eeg,sub-271/ses-01/eeg/sub-271_ses-01_task-rest_eeg.vmrk,500,Pz,63,continuous
sub-272,ses-01,PD,1,F,,78.0,13.0,78.0,17.0,12.0,1.0,1400.0,EO,2004-03-13,0,sub-272/ses-01/eeg/sub-272_ses-01_task-rest_eeg.vhdr,sub-272/ses-01/eeg/sub-272_ses-01_task-rest_eeg.eeg,sub-272/ses-01/eeg/sub-272_ses-01_task-rest_eeg.vmrk,500,Pz,63,continuous
sub-273,ses-01,PD,1,M,,67.0,13.0,67.0,9.0,26.0,4.0,600.0,EO,2002-11-03,0,sub-273/ses-01/eeg/sub-273_ses-01_task-rest_eeg.vhdr,sub-273/ses-01/eeg/sub-273_ses-01_task-rest_eeg.eeg,sub-273/ses-01/eeg/sub-273_ses-01_task-rest_eeg.vmrk,500,Pz,63,continuous
sub-274,ses-01,PD,1,M,,71.0,16.0,71.0,23.0,10.0,1.0,600.0,EO,2004-06-16,0,sub-274/ses-01/eeg/sub-274_ses-01_task-rest_eeg.vhdr,sub-274/ses-01/eeg/sub-274_ses-01_task-rest_eeg.eeg,sub-274/ses-01/eeg/sub-274_ses-01_task-rest_eeg.vmrk,500,Pz,63,continuous
sub-274,ses-02,PD,1,M,,71.0,16.0,75.0,,,,,EO,2007-12-06,1268,sub-274/ses-02/eeg/sub-274_ses-02_task-rest_eeg.vhdr,sub-274/ses-02/eeg/sub-274_ses-02_task-rest_eeg.eeg,sub-274/ses-02/eeg/sub-274_ses-02_task-rest_eeg.vmrk,500,Pz,63,continuous
sub-275,ses-01,PD,1,F,,63.0,18.0,63.0,25.0,3.0,5.0,550.0,EO,2020-01-27,0,sub-275/ses-01/eeg/sub-275_ses-01_task-rest_eeg.vhdr,sub-275/ses-01/eeg/sub-275_ses-01_task-rest_eeg.eeg,sub-275/ses-01/eeg/sub-275_ses-01_task-rest_eeg.vmrk,500,Pz,63,continuous
sub-276,ses-01,PD,1,M,,73.0,16.0,73.0,25.0,8.0,1.0,300.0,EO,2000-02-19,0,sub-276/ses-01/eeg/sub-276_ses-01_task-rest_eeg.vhdr,sub-276/ses-01/eeg/sub-276_ses-01_task-rest_eeg.eeg,sub-276/ses-01/eeg/sub-276_ses-01_task-rest_eeg.vmrk,500,Pz,63,continuous
sub-276,ses-02,PD,1,M,,73.0,16.0,76.0,,,,,EO,2002-11-13,998,sub-276/ses-02/eeg/sub-276_ses-02_task-rest_eeg.vhdr,sub-276/ses-02/eeg/sub-276_ses-02_task-rest_eeg.eeg,sub-276/ses-02/eeg/sub-276_ses-02_task-rest_eeg.vmrk,500,Pz,63,continuous
sub-277,ses-01,PD,1,M,,63.0,,63.0,,,,,EO,2020-05-19,0,sub-277/ses-01/eeg/sub-277_ses-01_task-rest_eeg.vhdr,sub-277/ses-01/eeg/sub-277_ses-01_task-rest_eeg.eeg,sub-277/ses-01/eeg/sub-277_ses-01_task-rest_eeg.vmrk,25000,Pz,63,continuous
sub-278,ses-01,PD,1,M,,71.0,,71.0,,,,,EO,2008-11-10,0,sub-278/ses-01/eeg/sub-278_ses-01_task-rest_eeg.vhdr,sub-278/ses-01/eeg/sub-278_ses-01_task-rest_eeg.eeg,sub-278/ses-01/eeg/sub-278_ses-01_task-rest_eeg.vmrk,25000,Pz,63,continuous
sub-279,ses-01,PD,1,M,,60.0,,60.0,,,,,EO,2006-10-25,0,sub-279/ses-01/eeg/sub-279_ses-01_task-rest_eeg.vhdr,sub-279/ses-01/eeg/sub-279_ses-01_task-rest_eeg.eeg,sub-279/ses-01/eeg/sub-279_ses-01_task-rest_eeg.vmrk,25000,Pz,63,continuous
sub-28,ses-01,Control,0,F,White,65.1,20.0,65.1,27.0,,,,EO,2020-05-30,0,sub-28/ses-01/eeg/sub-28_ses-01_task-rest_eeg.vhdr,sub-28/ses-01/eeg/sub-28_ses-01_task-rest_eeg.eeg,sub-28/ses-01/eeg/sub-28_ses-01_task-rest_eeg.vmrk,500,Pz,63,continuous
sub-280,ses-01,PD,1,M,,83.0,,83.0,,,,,EO,2004-10-22,0,sub-280/ses-01/eeg/sub-280_ses-01_task-rest_eeg.vhdr,sub-280/ses-01/eeg/sub-280_ses-01_task-rest_eeg.eeg,sub-280/ses-01/eeg/sub-280_ses-01_task-rest_eeg.vmrk,25000,Pz,63,continuous
sub-281,ses-01,PD,1,M,,62.0,,62.0,,,,,EO,2009-05-21,0,sub-281/ses-01/eeg/sub-281_ses-01_task-rest_eeg.vhdr,sub-281/ses-01/eeg/sub-281_ses-01_task-rest_eeg.eeg,sub-281/ses-01/eeg/sub-281_ses-01_task-rest_eeg.vmrk,25000,Pz,63,continuous
sub-282,ses-01,PD,1,M,,76.0,,76.0,,,,,EO,2017-11-23,0,sub-282/ses-01/eeg/sub-282_ses-01_task-rest_eeg.vhdr,sub-282/ses-01/eeg/sub-282_ses-01_task-rest_eeg.eeg,sub-282/ses-01/eeg/sub-282_ses-01_task-rest_eeg.vmrk,25000,Pz,63,continuous
sub-282,ses-02,PD,1,M,,76.0,,78.0,,,,,EO,2019-09-18,664,sub-282/ses-02/eeg/sub-282_ses-02_task-rest_eeg.vhdr,sub-282/ses-02/eeg/sub-282_ses-02_task-rest_eeg.eeg,sub-282/ses-02/eeg/sub-282_ses-02_task-rest_eeg.vmrk,500,Pz,63,continuous
sub-283,ses-01,PD,1,M,,57.0,,57.0,,,,,EO,2000-04-24,0,sub-283/ses-01/eeg/sub-283_ses-01_task-rest_eeg.vhdr,sub-283/ses-01/eeg/sub-283_ses-01_task-rest_eeg.eeg,sub-283/ses-01/eeg/sub-283_ses-01_task-rest_eeg.vmrk,25000,Pz,63,continuous
sub-283,ses-02,PD,1,M,,57.0,,59.0,,,,,EO,2002-03-13,688,sub-283/ses-02/eeg/sub-283_ses-02_task-rest_eeg.vhdr,sub-283/ses-02/eeg/sub-283_ses-02_task-rest_eeg.eeg,sub-283/ses-02/eeg/sub-283_ses-02_task-rest_eeg.vmrk,500,Pz,63,continuous
sub-284,ses-01,PD,1,F,,64.0,,64.0,,,,,EO,2009-12-19,0,sub-284/ses-01/eeg/sub-284_ses-01_task-rest_eeg.vhdr,sub-284/ses-01/eeg/sub-284_ses-01_task-rest_eeg.eeg,sub-284/ses-01/eeg/sub-284_ses-01_task-rest_eeg.vmrk,25000,Pz,63,continuous
sub-285,ses-01,PD,1,M,,70.0,,70.0,,,,,EO,2003-10-18,0,sub-285/ses-01/eeg/sub-285_ses-01_task-rest_eeg.vhdr,sub-285/ses-01/eeg/sub-285_ses-01_task-rest_eeg.eeg,sub-285/ses-01/eeg/sub-285_ses-01_task-rest_eeg.vmrk,25000,Pz,63,continuous
sub-286,ses-01,PD,1,M,,68.0,,68.0,,,,,EO,2009-08-18,0,sub-286/ses-01/eeg/sub-286_ses-01_task-rest_eeg.vhdr,sub-286/ses-01/eeg/sub-286_ses-01_task-rest_eeg.eeg,sub-286/ses-01/eeg/sub-286_ses-01_task-rest_eeg.vmrk,25000,Pz,63,continuous
sub-287,ses-01,PD,1,M,,67.0,,67.0,,,,,EO,2016-10-17,0,sub-287/ses-01/eeg/sub-287_ses-01_task-rest_eeg.vhdr,sub-287/ses-01/eeg/sub-287_ses-01_task-rest_eeg.eeg,sub-287/ses-01/eeg/sub-287_ses-01_task-rest_eeg.vmrk,25000,Pz,63,continuous
sub-287,ses-02,PD,1,M,,67.0,,69.0,,,,,EO,2018-09-23,706,sub-287/ses-02/eeg/sub-287_ses-02_task-rest_eeg.vhdr,sub-287/ses-02/eeg/sub-287_ses-02_task-rest_eeg.eeg,sub-287/ses-02/eeg/sub-287_ses-02_task-rest_eeg.vmrk,500,Pz,63,continuous
sub-288,ses-01,PD,1,M,,52.0,,52.0,,,,,EO,2016-12-27,0,sub-288/ses-01/eeg/sub-288_ses-01_task-rest_eeg.vhdr,sub-288/ses-01/eeg/sub-288_ses-01_task-rest_eeg.eeg,sub-288/ses-01/eeg/sub-288_ses-01_task-rest_eeg.vmrk,25000,Pz,63,continuous
sub-289,ses-01,PD,1,M,,69.0,,69.0,,,,,EO,2018-06-06,0,sub-289/ses-01/eeg/sub-289_ses-01_task-rest_eeg.vhdr,sub-289/ses-01/eeg/sub-289_ses-01_task-rest_eeg.eeg,sub-289/ses-01/eeg/sub-289_ses-01_task-rest_eeg.vmrk,25000,Pz,63,continuous
sub-29,ses-01,Control,0,M,White,75.4,18.0,75.4,23.0,,,,EO,2006-05-15,0,sub-29/ses-01/eeg/sub-29_ses-01_task-rest_eeg.vhdr,sub-29/ses-01/eeg/sub-29_ses-01_task-rest_eeg.eeg,sub-29/ses-01/eeg/sub-29_ses-01_task-rest_eeg.vmrk,500,Pz,63,continuous
sub-290,ses-01,PD,1,M,,62.0,,62.0,,,,,EO,2007-04-22,0,sub-290/ses-01/eeg/sub-290_ses-01_task-rest_eeg.vhdr,sub-290/ses-01/eeg/sub-290_ses-01_task-rest_eeg.eeg,sub-290/ses-01/eeg/sub-290_ses-01_task-rest_eeg.vmrk,25000,Pz,63,continuous
sub-291,ses-01,PD,1,M,,69.0,,69.0,,,,,EO,2002-12-29,0,sub-291/ses-01/eeg/sub-291_ses-01_task-rest_eeg.vhdr,sub-291/ses-01/eeg/sub-291_ses-01_task-rest_eeg.eeg,sub-291/ses-01/eeg/sub-291_ses-01_task-rest_eeg.vmrk,25000,Pz,63,continuous
sub-292,ses-01,PD,1,M,,75.0,,75.0,,,,,EO,2001-05-04,0,sub-292/ses-01/eeg/sub-292_ses-01_task-rest_eeg.vhdr,sub-292/ses-01/eeg/sub-292_ses-01_task-rest_eeg.eeg,sub-292/ses-01/eeg/sub-292_ses-01_task-rest_eeg.vmrk,25000,Pz,63,continuous
sub-293,ses-01,PD,1,M,,80.0,,80.0,,,,,EO,2013-07-20,0,sub-293/ses-01/eeg/sub-293_ses-01_task-rest_eeg.vhdr,sub-293/ses-01/eeg/sub-293_ses-01_task-rest_eeg.eeg,sub-293/ses-01/eeg/sub-293_ses-01_task-rest_eeg.vmrk,25000,Pz,63,continuous
sub-293,ses-02,PD,1,M,,80.0,,82.0,,,,,EO,2014-10-18,455,sub-293/ses-02/eeg/sub-293_ses-02_task-rest_eeg.vhdr,sub-293/ses-02/eeg/sub-293_ses-02_task-rest_eeg.eeg,sub-293/ses-02/eeg/sub-293_ses-02_task-rest_eeg.vmrk,500,Pz,63,continuous
sub-294,ses-01,PD,1,M,,66.0,,66.0,,,,,EO,2007-07-01,0,sub-294/ses-01/eeg/sub-294_ses-01_task-rest_eeg.vhdr,sub-294/ses-01/eeg/sub-294_ses-01_task-rest_eeg.eeg,sub-294/ses-01/eeg/sub-294_ses-01_task-rest_eeg.vmrk,25000,Pz,63,continuous
sub-295,ses-01,PD,1,F,,68.0,,68.0,,,,,EO,2015-05-05,0,sub-295/ses-01/eeg/sub-295_ses-01_task-rest_eeg.vhdr,sub-295/ses-01/eeg/sub-295_ses-01_task-rest_eeg.eeg,sub-295/ses-01/eeg/sub-295_ses-01_task-rest_eeg.vmrk,25000,Pz,63,continuous
sub-296,ses-01,PD,1,M,,78.0,,78.0,,,,,EO,2015-09-11,0,sub-296/ses-01/eeg/sub-296_ses-01_task-rest_eeg.vhdr,sub-296/ses-01/eeg/sub-296_ses-01_task-rest_eeg.eeg,sub-296/ses-01/eeg/sub-296_ses-01_task-rest_eeg.vmrk,25000,Pz,63,continuous
sub-297,ses-01,PD,1,M,,68.0,,68.0,,,,,EO,2015-03-18,0,sub-297/ses-01/eeg/sub-297_ses-01_task-rest_eeg.vhdr,sub-297/ses-01/eeg/sub-297_ses-01_task-rest_eeg.eeg,sub-297/ses-01/eeg/sub-297_ses-01_task-rest_eeg.vmrk,25000,Pz,63,continuous
sub-298,ses-01,PD,1,M,,70.0,,70.0,,,,,EO,2008-10-31,0,sub-298/ses-01/eeg/sub-298_ses-01_task-rest_eeg.vhdr,sub-298/ses-01/eeg/sub-298_ses-01_task-rest_eeg.eeg,sub-298/ses-01/eeg/sub-298_ses-01_task-rest_eeg.vmrk,25000,Pz,63,continuous
sub-299,ses-01,PD,1,M,,68.0,,68.0,,,,,EO,2010-12-03,0,sub-299/ses-01/eeg/sub-299_ses-01_task-rest_eeg.vhdr,sub-299/ses-01/eeg/sub-299_ses-01_task-rest_eeg.eeg,sub-299/ses-01/eeg/sub-299_ses-01_task-rest_eeg.vmrk,25000,Pz,63,continuous
sub-3,ses-01,Control,0,M,White,69.3,19.0,69.3,26.0,,,,EO,2007-09-28,0,sub-3/ses-01/eeg/sub-3_ses-01_task-rest_eeg.vhdr,sub-3/ses-01/eeg/sub-3_ses-01_task-rest_eeg.eeg,sub-3/ses-01/eeg/sub-3_ses-01_task-rest_eeg.vmrk,500,Pz,63,continuous
sub-30,ses-01,Control,0,F,White,71.1,18.0,71.1,27.0,,,,EO,2017-01-07,0,sub-30/ses-01/eeg/sub-30_ses-01_task-rest_eeg.vhdr,sub-30/ses-01/eeg/sub-30_ses-01_task-rest_eeg.eeg,sub-30/ses-01/eeg/sub-30_ses-01_task-rest_eeg.vmrk,500,Pz,63,continuous
sub-300,ses-01,PD,1,M,,74.0,,74.0,,,,,EO,2007-09-18,0,sub-300/ses-01/eeg/sub-300_ses-01_task-rest_eeg.vhdr,sub-300/ses-01/eeg/sub-300_ses-01_task-rest_eeg.eeg,sub-300/ses-01/eeg/sub-300_ses-01_task-rest_eeg.vmrk,25000,Pz,63,continuous
sub-301,ses-01,PD,1,F,,76.0,,76.0,,,,,EO,2003-04-05,0,sub-301/ses-01/eeg/sub-301_ses-01_task-rest_eeg.vhdr,sub-301/ses-01/eeg/sub-301_ses-01_task-rest_eeg.eeg,sub-301/ses-01/eeg/sub-301_ses-01_task-rest_eeg.vmrk,25000,Pz,63,continuous
sub-302,ses-01,PD,1,M,,59.0,,59.0,,,,,EO,2007-12-06,0,sub-302/ses-01/eeg/sub-302_ses-01_task-rest_eeg.vhdr,sub-302/ses-01/eeg/sub-302_ses-01_task-rest_eeg.eeg,sub-302/ses-01/eeg/sub-302_ses-01_task-rest_eeg.vmrk,25000,Pz,63,continuous
sub-303,ses-01,PD,1,F,,69.0,,69.0,,,,,EO,2013-06-27,0,sub-303/ses-01/eeg/sub-303_ses-01_task-rest_eeg.vhdr,sub-303/ses-01/eeg/sub-303_ses-01_task-rest_eeg.eeg,sub-303/ses-01/eeg/sub-303_ses-01_task-rest_eeg.vmrk,25000,Pz,63,continuous
sub-304,ses-01,PD,1,F,,70.0,,70.0,,,,,EO,2006-11-23,0,sub-304/ses-01/eeg/sub-304_ses-01_task-rest_eeg.vhdr,sub-304/ses-01/eeg/sub-304_ses-01_task-rest_eeg.eeg,sub-304/ses-01/eeg/sub-304_ses-01_task-rest_eeg.vmrk,25000,Pz,63,continuous
sub-305,ses-01,PD,1,F,,80.0,,80.0,,,,,EO,2019-09-29,0,sub-305/ses-01/eeg/sub-305_ses-01_task-rest_eeg.vhdr,sub-305/ses-01/eeg/sub-305_ses-01_task-rest_eeg.eeg,sub-305/ses-01/eeg/sub-305_ses-01_task-rest_eeg.vmrk,25000,Pz,63,continuous
sub-306,ses-01,PD,1,M,,77.0,,77.0,,,,,EO,2005-06-29,0,sub-306/ses-01/eeg/sub-306_ses-01_task-rest_eeg.vhdr,sub-306/ses-01/eeg/sub-306_ses-01_task-rest_eeg.eeg,sub-306/ses-01/eeg/sub-306_ses-01_task-rest_eeg.vmrk,25000,Pz,63,continuous
sub-307,ses-01,PD,1,F,,74.0,,74.0,,,,,EO,2011-07-13,0,sub-307/ses-01/eeg/sub-307_ses-01_task-rest_eeg.vhdr,sub-307/ses-01/eeg/sub-307_ses-01_task-rest_eeg.eeg,sub-307/ses-01/eeg/sub-307_ses-01_task-rest_eeg.vmrk,25000,Pz,63,continuous
sub-308,ses-01,PD,1,M,,67.0,,67.0,,,,,EO,2020-09-20,0,sub-308/ses-01/eeg/sub-308_ses-01_task-rest_eeg.vhdr,sub-308/ses-01/eeg/sub-308_ses-01_task-rest_eeg.eeg,sub-308/ses-01/eeg/sub-308_ses-01_task-rest_eeg.vmrk,25000,Pz,63,continuous
sub-309,ses-01,PD,1,M,,76.0,,76.0,,,,,EO,2006-03-30,0,sub-309/ses-01/eeg/sub-309_ses-01_task-rest_eeg.vhdr,sub-309/ses-01/eeg/sub-309_ses-01_task-rest_eeg.eeg,sub-309/ses-01/eeg/sub-309_ses-01_task-rest_eeg.vmrk,25000,Pz,63,continuous
sub-31,ses-01,Control,0,F,White,68.4,18.0,68.4,30.0,,,,EO,2011-03-15,0,sub-31/ses-01/eeg/sub-31_ses-01_task-rest_eeg.vhdr,sub-31/ses-01/eeg/sub-31_ses-01_task-rest_eeg.eeg,sub-31/ses-01/eeg/sub-31_ses-01_task-rest_eeg.vmrk,500,Pz,63,continuous
sub-310,ses-01,PD,1,M,,80.0,,80.0,,,,,EO,2012-05-06,0,sub-310/ses-01/eeg/sub-310_ses-01_task-rest_eeg.vhdr,sub-310/ses-01/eeg/sub-310_ses-01_task-rest_eeg.eeg,sub-310/ses-01/eeg/sub-310_ses-01_task-rest_eeg.vmrk,25000,Pz,63,continuous
sub-311,ses-01,PD,1,F,,73.0,,73.0,,,,,EO,2012-12-12,0,sub-311/ses-01/eeg/sub-311_ses-01_task-rest_eeg.vhdr,sub-311/ses-01/eeg/sub-311_ses-01_task-rest_eeg.eeg,sub-311/ses-01/eeg/sub-311_ses-01_task-rest_eeg.vmrk,25000,Pz,63,continuous
sub-312,ses-01,PD,1,M,,60.0,,60.0,,,,,EO,2019-12-27,0,sub-312/ses-01/eeg/sub-312_ses-01_task-rest_eeg.vhdr,sub-312/ses-01/eeg/sub-312_ses-01_task-rest_eeg.eeg,sub-312/ses-01/eeg/sub-312_ses-01_task-rest_eeg.vmrk,25000,Pz,63,continuous
sub-32,ses-01,Control,0,F,White,75.9,18.0,75.9,30.0,,,,EO,2002-12-13,0,sub-32/ses-01/eeg/sub-32_ses-01_task-rest_eeg.vhdr,sub-32/ses-01/eeg/sub-32_ses-01_task-rest_eeg.eeg,sub-32/ses-01/eeg/sub-32_ses-01_task-rest_eeg.vmrk,500,Pz,63,continuous
sub-32,ses-02,Control,0,F,White,75.9,18.0,78.0,,,,,EO,2005-09-11,1003,sub-32/ses-02/eeg/sub-32_ses-02_task-rest_eeg.vhdr,sub-32/ses-02/eeg/sub-32_ses-02_task-rest_eeg.eeg,sub-32/ses-02/eeg/sub-32_ses-02_task-rest_eeg.vmrk,500,Pz,63,continuous
sub-33,ses-01,Control,0,F,White,72.3,12.0,72.3,22.0,,,,EO,2004-03-27,0,sub-33/ses-01/eeg/sub-33_ses-01_task-rest_eeg.vhdr,sub-33/ses-01/eeg/sub-33_ses-01_task-rest_eeg.eeg,sub-33/ses-01/eeg/sub-33_ses-01_task-rest_eeg.vmrk,500,Pz,63,continuous
sub-34,ses-01,Control,0,M,White,92.5,20.0,92.5,24.0,,,,EO,2015-09-12,0,sub-34/ses-01/eeg/sub-34_ses-01_task-rest_eeg.vhdr,sub-34/ses-01/eeg/sub-34_ses-01_task-rest_eeg.eeg,sub-34/ses-01/eeg/sub-34_ses-01_task-rest_eeg.vmrk,500,Pz,63,continuous
sub-35,ses-01,Control,0,F,White,83.8,18.0,83.8,27.0,,,,EO,2020-11-22,0,sub-35/ses-01/eeg/sub-35_ses-01_task-rest_eeg.vhdr,sub-35/ses-01/eeg/sub-35_ses-01_task-rest_eeg.eeg,sub-35/ses-01/eeg/sub-35_ses-01_task-rest_eeg.vmrk,500,Pz,63,continuous
sub-36,ses-01,Control,0,F,White,77.3,19.0,77.3,27.0,,,,EO,2019-12-17,0,sub-36/ses-01/eeg/sub-36_ses-01_task-rest_eeg.vhdr,sub-36/ses-01/eeg/sub-36_ses-01_task-rest_eeg.eeg,sub-36/ses-01/eeg/sub-36_ses-01_task-rest_eeg.vmrk,500,Pz,63,continuous
sub-37,ses-01,Control,0,F,,75.0,,75.0,,,,,EO,2015-06-17,0,sub-37/ses-01/eeg/sub-37_ses-01_task-rest_eeg.vhdr,sub-37/ses-01/eeg/sub-37_ses-01_task-rest_eeg.eeg,sub-37/ses-01/eeg/sub-37_ses-01_task-rest_eeg.vmrk,500,Pz,63,continuous
sub-38,ses-01,Control,0,M,,61.0,,61.0,,,,,EO,2020-07-13,0,sub-38/ses-01/eeg/sub-38_ses-01_task-rest_eeg.vhdr,sub-38/ses-01/eeg/sub-38_ses-01_task-rest_eeg.eeg,sub-38/ses-01/eeg/sub-38_ses-01_task-rest_eeg.vmrk,500,Pz,63,continuous
sub-39,ses-01,Control,0,M,,69.0,,69.0,,,,,EO,2016-10-31,0,sub-39/ses-01/eeg/sub-39_ses-01_task-rest_eeg.vhdr,sub-39/ses-01/eeg/sub-39_ses-01_task-rest_eeg.eeg,sub-39/ses-01/eeg/sub-39_ses-01_task-rest_eeg.vmrk,500,Pz,63,continuous
sub-4,ses-01,Control,0,M,White,67.2,16.0,67.2,27.0,,,,EO,2011-01-22,0,sub-4/ses-01/eeg/sub-4_ses-01_task-rest_eeg.vhdr,sub-4/ses-01/eeg/sub-4_ses-01_task-rest_eeg.eeg,sub-4/ses-01/eeg/sub-4_ses-01_task-rest_eeg.vmrk,500,Pz,63,continuous
sub-4,ses-02,Control,0,M,White,67.2,16.0,70.0,,,,,EO,2014-04-17,1181,sub-4/ses-02/eeg/sub-4_ses-02_task-rest_eeg.vhdr,sub-4/ses-02/eeg/sub-4_ses-02_task-rest_eeg.eeg,sub-4/ses-02/eeg/sub-4_ses-02_task-rest_eeg.vmrk,500,Pz,63,continuous
sub-40,ses-01,Control,0,F,,74.0,,74.0,,,,,EO,2005-08-03,0,sub-40/ses-01/eeg/sub-40_ses-01_task-rest_eeg.vhdr,sub-40/ses-01/eeg/sub-40_ses-01_task-rest_eeg.eeg,sub-40/ses-01/eeg/sub-40_ses-01_task-rest_eeg.vmrk,500,Pz,63,continuous
sub-41,ses-01,Control,0,M,,76.0,,76.0,,,,,EO,2009-09-24,0,sub-41/ses-01/eeg/sub-41_ses-01_task-rest_eeg.vhdr,sub-41/ses-01/eeg/sub-41_ses-01_task-rest_eeg.eeg,sub-41/ses-01/eeg/sub-41_ses-01_task-rest_eeg.vmrk,500,Pz,63,continuous
sub-42,ses-01,Control,0,F,,75.0,,75.0,,,,,EO,2014-01-09,0,sub-42/ses-01/eeg/sub-42_ses-01_task-rest_eeg.vhdr,sub-42/ses-01/eeg/sub-42_ses-01_task-rest_eeg.eeg,sub-42/ses-01/eeg/sub-42_ses-01_task-rest_eeg.vmrk,500,Pz,63,continuous
sub-43,ses-01,Control,0,M,,77.0,,77.0,,,,,EO,2015-03-29,0,sub-43/ses-01/eeg/sub-43_ses-01_task-rest_eeg.vhdr,sub-43/ses-01/eeg/sub-43_ses-01_task-rest_eeg.eeg,sub-43/ses-01/eeg/sub-43_ses-01_task-rest_eeg.vmrk,500,Pz,63,continuous
sub-44,ses-01,Control,0,F,,40.0,,40.0,,,,,EO,2014-11-18,0,sub-44/ses-01/eeg/sub-44_ses-01_task-rest_eeg.vhdr,sub-44/ses-01/eeg/sub-44_ses-01_task-rest_eeg.eeg,sub-44/ses-01/eeg/sub-44_ses-01_task-rest_eeg.vmrk,500,Pz,63,continuous
sub-45,ses-01,Control,0,M,,68.0,,68.0,,,,,EO,2003-08-15,0,sub-45/ses-01/eeg/sub-45_ses-01_task-rest_eeg.vhdr,sub-45/ses-01/eeg/sub-45_ses-01_task-rest_eeg.eeg,sub-45/ses-01/eeg/sub-45_ses-01_task-rest_eeg.vmrk,500,Pz,63,continuous
sub-46,ses-01,Control,0,F,,46.0,,46.0,,,,,EO,2006-05-06,0,sub-46/ses-01/eeg/sub-46_ses-01_task-rest_eeg.vhdr,sub-46/ses-01/eeg/sub-46_ses-01_task-rest_eeg.eeg,sub-46/ses-01/eeg/sub-46_ses-01_task-rest_eeg.vmrk,500,Pz,63,continuous
sub-47,ses-01,Control,0,F,,42.0,,42.0,,,,,EO,2007-07-08,0,sub-47/ses-01/eeg/sub-47_ses-01_task-rest_eeg.vhdr,sub-47/ses-01/eeg/sub-47_ses-01_task-rest_eeg.eeg,sub-47/ses-01/eeg/sub-47_ses-01_task-rest_eeg.vmrk,500,Pz,63,continuous
sub-48,ses-01,Control,0,F,,76.0,,76.0,,,,,EO,2014-10-06,0,sub-48/ses-01/eeg/sub-48_ses-01_task-rest_eeg.vhdr,sub-48/ses-01/eeg/sub-48_ses-01_task-rest_eeg.eeg,sub-48/ses-01/eeg/sub-48_ses-01_task-rest_eeg.vmrk,500,Pz,63,continuous
sub-49,ses-01,Control,0,F,,49.0,,49.0,,,,,EO,2005-06-30,0,sub-49/ses-01/eeg/sub-49_ses-01_task-rest_eeg.vhdr,sub-49/ses-01/eeg/sub-49_ses-01_task-rest_eeg.eeg,sub-49/ses-01/eeg/sub-49_ses-01_task-rest_eeg.vmrk,500,Pz,63,continuous
sub-5,ses-01,Control,0,M,White,66.6,17.0,66.6,27.0,,,,EO,2002-11-23,0,sub-5/ses-01/eeg/sub-5_ses-01_task-rest_eeg.vhdr,sub-5/ses-01/eeg/sub-5_ses-01_task-rest_eeg.eeg,sub-5/ses-01/eeg/sub-5_ses-01_task-rest_eeg.vmrk,500,Pz,63,continuous
sub-50,ses-01,Control,0,F,,60.0,,60.0,,,,,EO,2003-04-30,0,sub-50/ses-01/eeg/sub-50_ses-01_task-rest_eeg.vhdr,sub-50/ses-01/eeg/sub-50_ses-01_task-rest_eeg.eeg,sub-50/ses-01/eeg/sub-50_ses-01_task-rest_eeg.vmrk,500,Pz,63,continuous
sub-51,ses-01,Control,0,F,,64.0,,64.0,,,,,EO,2013-08-01,0,sub-51/ses-01/eeg/sub-51_ses-01_task-rest_eeg.vhdr,sub-51/ses-01/eeg/sub-51_ses-01_task-rest_eeg.eeg,sub-51/ses-01/eeg/sub-51_ses-01_task-rest_eeg.vmrk,500,Pz,63,continuous
sub-52,ses-01,Control,0,M,,40.0,,40.0,,,,,EO,2019-05-01,0,sub-52/ses-01/eeg/sub-52_ses-01_task-rest_eeg.vhdr,sub-52/ses-01/eeg/sub-52_ses-01_task-rest_eeg.eeg,sub-52/ses-01/eeg/sub-52_ses-01_task-rest_eeg.vmrk,500,Pz,63,continuous
sub-53,ses-01,Control,0,M,,65.0,,65.0,,,,,EO,2008-10-02,0,sub-53/ses-01/eeg/sub-53_ses-01_task-rest_eeg.vhdr,sub-53/ses-01/eeg/sub-53_ses-01_task-rest_eeg.eeg,sub-53/ses-01/eeg/sub-53_ses-01_task-rest_eeg.vmrk,500,Pz,63,continuous
sub-54,ses-01,Control,0,F,,65.0,,65.0,,,,,EO,2004-10-09,0,sub-54/ses-01/eeg/sub-54_ses-01_task-rest_eeg.vhdr,sub-54/ses-01/eeg/sub-54_ses-01_task-rest_eeg.eeg,sub-54/ses-01/eeg/sub-54_ses-01_task-rest_eeg.vmrk,500,Pz,63,continuous
sub-55,ses-01,Control,0,F,,52.0,,52.0,,,,,EO,2009-07-15,0,sub-55/ses-01/eeg/sub-55_ses-01_task-rest_eeg.vhdr,sub-55/ses-01/eeg/sub-55_ses-01_task-rest_eeg.eeg,sub-55/ses-01/eeg/sub-55_ses-01_task-rest_eeg.vmrk,500,Pz,63,continuous
sub-56,ses-01,Control,0,F,,45.0,,45.0,,,,,EO,2020-02-20,0,sub-56/ses-01/eeg/sub-56_ses-01_task-rest_eeg.vhdr,sub-56/ses-01/eeg/sub-56_ses-01_task-rest_eeg.eeg,sub-56/ses-01/eeg/sub-56_ses-01_task-rest_eeg.vmrk,500,Pz,63,continuous
sub-57,ses-01,Control,0,M,,58.0,,58.0,,,,,EO,2010-10-31,0,sub-57/ses-01/eeg/sub-57_ses-01_task-rest_eeg.vhdr,sub-57/ses-01/eeg/sub-57_ses-01_task-rest_eeg.eeg,sub-57/ses-01/eeg/sub-57_ses-01_task-rest_eeg.vmrk,500,Pz,63,continuous
sub-58,ses-01,Control,0,F,,59.0,,59.0,,,,,EO,2001-08-15,0,sub-58/ses-01/eeg/sub-58_ses-01_task-rest_eeg.vhdr,sub-58/ses-01/eeg/sub-58_ses-01_task-rest_eeg.eeg,sub-58/ses-01/eeg/sub-58_ses-01_task-rest_eeg.vmrk,500,Pz,63,continuous
sub-59,ses-01,Control,0,F,,48.0,,48.0,,,,,EO,2006-05-22,0,sub-59/ses-01/eeg/sub-59_ses-01_task-rest_eeg.vhdr,sub-59/ses-01/eeg/sub-59_ses-01_task-rest_eeg.eeg,sub-59/ses-01/eeg/sub-59_ses-01_task-rest_eeg.vmrk,500,Pz,63,continuous
sub-6,ses-01,Control,0,M,White,67.4,16.0,67.4,26.0,,,,EO,2000-03-19,0,sub-6/ses-01/eeg/sub-6_ses-01_task-rest_eeg.vhdr,sub-6/ses-01/eeg/sub-6_ses-01_task-rest_eeg.eeg,sub-6/ses-01/eeg/sub-6_ses-01_task-rest_eeg.vmrk,500,Pz,63,continuous
sub-60,ses-01,Control,0,F,,44.0,,44.0,,,,,EO,2010-02-25,0,sub-60/ses-01/eeg/sub-60_ses-01_task-rest_eeg.vhdr,sub-60/ses-01/eeg/sub-60_ses-01_task-rest_eeg.eeg,sub-60/ses-01/eeg/sub-60_ses-01_task-rest_eeg.vmrk,500,Pz,63,continuous
sub-61,ses-01,Control,0,M,,76.0,,76.0,,,,,EO,2004-03-01,0,sub-61/ses-01/eeg/sub-61_ses-01_task-rest_eeg.vhdr,sub-61/ses-01/eeg/sub-61_ses-01_task-rest_eeg.eeg,sub-61/ses-01/eeg/sub-61_ses-01_task-rest_eeg.vmrk,500,Pz,63,continuous
sub-62,ses-01,Control,0,M,,61.0,16.0,61.0,26.0,,,,EO,2004-05-17,0,sub-62/ses-01/eeg/sub-62_ses-01_task-rest_eeg.vhdr,sub-62/ses-01/eeg/sub-62_ses-01_task-rest_eeg.eeg,sub-62/ses-01/eeg/sub-62_ses-01_task-rest_eeg.vmrk,500,Pz,63,continuous
sub-63,ses-01,Control,0,M,,80.0,20.0,80.0,26.0,,,,EO,2006-11-16,0,sub-63/ses-01/eeg/sub-63_ses-01_task-rest_eeg.vhdr,sub-63/ses-01/eeg/sub-63_ses-01_task-rest_eeg.eeg,sub-63/ses-01/eeg/sub-63_ses-01_task-rest_eeg.vmrk,500,Pz,63,continuous
sub-64,ses-01,Control,0,M,,76.0,18.0,76.0,25.0,,,,EO,2005-09-08,0,sub-64/ses-01/eeg/sub-64_ses-01_task-rest_eeg.vhdr,sub-64/ses-01/eeg/sub-64_ses-01_task-rest_eeg.eeg,sub-64/ses-01/eeg/sub-64_ses-01_task-rest_eeg.vmrk,500,Pz,63,continuous
sub-65,ses-01,Control,0,F,,71.0,20.0,71.0,27.0,,,,EO,2000-12-23,0,sub-65/ses-01/eeg/sub-65_ses-01_task-rest_eeg.vhdr,sub-65/ses-01/eeg/sub-65_ses-01_task-rest_eeg.eeg,sub-65/ses-01/eeg/sub-65_ses-01_task-rest_eeg.vmrk,500,Pz,63,continuous
sub-66,ses-01,Control,0,M,,64.0,18.0,64.0,26.0,,,,EO,2002-06-14,0,sub-66/ses-01/eeg/sub-66_ses-01_task-rest_eeg.vhdr,sub-66/ses-01/eeg/sub-66_ses-01_task-rest_eeg.eeg,sub-66/ses-01/eeg/sub-66_ses-01_task-rest_eeg.vmrk,500,Pz,63,continuous
sub-67,ses-01,Control,0,F,,66.0,16.0,66.0,29.0,,,,EO,2008-04-02,0,sub-67/ses-01/eeg/sub-67_ses-01_task-rest_eeg.vhdr,sub-67/ses-01/eeg/sub-67_ses-01_task-rest_eeg.eeg,sub-67/ses-01/eeg/sub-67_ses-01_task-rest_eeg.vmrk,500,Pz,63,continuous
sub-68,ses-01,Control,0,F,,76.0,17.0,76.0,26.0,,,,EO,2005-03-07,0,sub-68/ses-01/eeg/sub-68_ses-01_task-rest_eeg.vhdr,sub-68/ses-01/eeg/sub-68_ses-01_task-rest_eeg.eeg,sub-68/ses-01/eeg/sub-68_ses-01_task-rest_eeg.vmrk,500,Pz,63,continuous
sub-69,ses-01,Control,0,F,,77.0,13.0,77.0,24.0,,,,EO,2004-11-03,0,sub-69/ses-01/eeg/sub-69_ses-01_task-rest_eeg.vhdr,sub-69/ses-01/eeg/sub-69_ses-01_task-rest_eeg.eeg,sub-69/ses-01/eeg/sub-69_ses-01_task-rest_eeg.vmrk,500,Pz,63,continuous
sub-7,ses-01,Control,0,F,White,61.4,14.0,61.4,27.0,,,,EO,2011-02-14,0,sub-7/ses-01/eeg/sub-7_ses-01_task-rest_eeg.vhdr,sub-7/ses-01/eeg/sub-7_ses-01_task-rest_eeg.eeg,sub-7/ses-01/eeg/sub-7_ses-01_task-rest_eeg.vmrk,500,Pz,63,continuous
sub-70,ses-01,Control,0,F,,72.0,18.0,72.0,28.0,,,,EO,2020-04-07,0,sub-70/ses-01/eeg/sub-70_ses-01_task-rest_eeg.vhdr,sub-70/ses-01/eeg/sub-70_ses-01_task-rest_eeg.eeg,sub-70/ses-01/eeg/sub-70_ses-01_task-rest_eeg.vmrk,500,Pz,63,continuous
sub-71,ses-01,Control,0,F,,70.0,17.0,70.0,27.0,,,,EO,2016-11-18,0,sub-71/ses-01/eeg/sub-71_ses-01_task-rest_eeg.vhdr,sub-71/ses-01/eeg/sub-71_ses-01_task-rest_eeg.eeg,sub-71/ses-01/eeg/sub-71_ses-01_task-rest_eeg.vmrk,500,Pz,63,continuous
sub-72,ses-01,Control,0,M,,70.0,16.0,70.0,26.0,,,,EO,2016-10-28,0,sub-72/ses-01/eeg/sub-72_ses-01_task-rest_eeg.vhdr,sub-72/ses-01/eeg/sub-72_ses-01_task-rest_eeg.eeg,sub-72/ses-01/eeg/sub-72_ses-01_task-rest_eeg.vmrk,500,Pz,63,continuous
sub-73,ses-01,Control,0,F,,64.0,20.0,64.0,28.0,,,,EO,2013-01-06,0,sub-73/ses-01/eeg/sub-73_ses-01_task-rest_eeg.vhdr,sub-73/ses-01/eeg/sub-73_ses-01_task-rest_eeg.eeg,sub-73/ses-01/eeg/sub-73_ses-01_task-rest_eeg.vmrk,500,Pz,63,continuous
sub-74,ses-01,Control,0,F,,71.0,18.0,71.0,28.0,,,,EO,2004-11-17,0,sub-74/ses-01/eeg/sub-74_ses-01_task-rest_eeg.vhdr,sub-74/ses-01/eeg/sub-74_ses-01_task-rest_eeg.eeg,sub-74/ses-01/eeg/sub-74_ses-01_task-rest_eeg.vmrk,500,Pz,63,continuous
sub-75,ses-01,Control,0,M,,71.0,18.0,71.0,23.0,,,,EO,2009-08-11,0,sub-75/ses-01/eeg/sub-75_ses-01_task-rest_eeg.vhdr,sub-75/ses-01/eeg/sub-75_ses-01_task-rest_eeg.eeg,sub-75/ses-01/eeg/sub-75_ses-01_task-rest_eeg.vmrk,500,Pz,63,continuous
sub-76,ses-01,Control,0,M,,71.0,18.0,71.0,27.0,,,,EO,2004-06-11,0,sub-76/ses-01/eeg/sub-76_ses-01_task-rest_eeg.vhdr,sub-76/ses-01/eeg/sub-76_ses-01_task-rest_eeg.eeg,sub-76/ses-01/eeg/sub-76_ses-01_task-rest_eeg.vmrk,500,Pz,63,continuous
sub-77,ses-01,Control,0,F,,58.0,15.0,58.0,27.0,,,,EO,2000-01-24,0,sub-77/ses-01/eeg/sub-77_ses-01_task-rest_eeg.vhdr,sub-77/ses-01/eeg/sub-77_ses-01_task-rest_eeg.eeg,sub-77/ses-01/eeg/sub-77_ses-01_task-rest_eeg.vmrk,500,Pz,63,continuous
sub-78,ses-01,Control,0,M,,71.0,18.0,71.0,28.0,,,,EO,2006-07-06,0,sub-78/ses-01/eeg/sub-78_ses-01_task-rest_eeg.vhdr,sub-78/ses-01/eeg/sub-78_ses-01_task-rest_eeg.eeg,sub-78/ses-01/eeg/sub-78_ses-01_task-rest_eeg.vmrk,500,Pz,63,continuous
sub-79,ses-01,Control,0,M,,77.0,19.0,77.0,26.0,,,,EO,2001-07-20,0,sub-79/ses-01/eeg/sub-79_ses-01_task-rest_eeg.vhdr,sub-79/ses-01/eeg/sub-79_ses-01_task-rest_eeg.eeg,sub-79/ses-01/eeg/sub-79_ses-01_task-rest_eeg.vmrk,500,Pz,63,continuous
sub-8,ses-01,Control,0,M,White,77.1,18.0,77.1,26.0,,,,EO,2008-08-13,0,sub-8/ses-01/eeg/sub-8_ses-01_task-rest_eeg.vhdr,sub-8/ses-01/eeg/sub-8_ses-01_task-rest_eeg.eeg,sub-8/ses-01/eeg/sub-8_ses-01_task-rest_eeg.vmrk,500,Pz,63,continuous
sub-8,ses-02,Control,0,M,White,77.1,18.0,81.0,,,,,EO,2013-04-09,1700,sub-8/ses-02/eeg/sub-8_ses-02_task-rest_eeg.vhdr,sub-8/ses-02/eeg/sub-8_ses-02_task-rest_eeg.eeg,sub-8/ses-02/eeg/sub-8_ses-02_task-rest_eeg.vmrk,500,Pz,63,continuous
sub-80,ses-01,Control,0,M,,60.0,18.0,60.0,29.0,,,,EO,2019-03-08,0,sub-80/ses-01/eeg/sub-80_ses-01_task-rest_eeg.vhdr,sub-80/ses-01/eeg/sub-80_ses-01_task-rest_eeg.eeg,sub-80/ses-01/eeg/sub-80_ses-01_task-rest_eeg.vmrk,500,Pz,63,continuous
sub-81,ses-01,Control,0,M,,80.0,20.0,80.0,26.0,,,,EO,2001-02-07,0,sub-81/ses-01/eeg/sub-81_ses-01_task-rest_eeg.vhdr,sub-81/ses-01/eeg/sub-81_ses-01_task-rest_eeg.eeg,sub-81/ses-01/eeg/sub-81_ses-01_task-rest_eeg.vmrk,500,Pz,63,continuous
sub-82,ses-01,Control,0,F,,54.0,12.0,54.0,28.0,,,,EO,2004-02-15,0,sub-82/ses-01/eeg/sub-82_ses-01_task-rest_eeg.vhdr,sub-82/ses-01/eeg/sub-82_ses-01_task-rest_eeg.eeg,sub-82/ses-01/eeg/sub-82_ses-01_task-rest_eeg.vmrk,500,Pz,63,continuous
sub-83,ses-01,Control,0,F,,57.0,13.0,57.0,27.0,,,,EO,2017-07-24,0,sub-83/ses-01/eeg/sub-83_ses-01_task-rest_eeg.vhdr,sub-83/ses-01/eeg/sub-83_ses-01_task-rest_eeg.eeg,sub-83/ses-01/eeg/sub-83_ses-01_task-rest_eeg.vmrk,500,Pz,63,continuous
sub-84,ses-01,Control,0,F,,61.0,16.0,61.0,29.0,,,,EO,2003-01-07,0,sub-84/ses-01/eeg/sub-84_ses-01_task-rest_eeg.vhdr,sub-84/ses-01/eeg/sub-84_ses-01_task-rest_eeg.eeg,sub-84/ses-01/eeg/sub-84_ses-01_task-rest_eeg.vmrk,500,Pz,63,continuous
sub-85,ses-01,Control,0,M,White,80.0,18.0,80.0,24.0,,,,EO,2000-12-17,0,sub-85/ses-01/eeg/sub-85_ses-01_task-rest_eeg.vhdr,sub-85/ses-01/eeg/sub-85_ses-01_task-rest_eeg.eeg,sub-85/ses-01/eeg/sub-85_ses-01_task-rest_eeg.vmrk,500,Pz,63,continuous
sub-85,ses-02,Control,0,M,White,80.0,18.0,84.3,23.0,,,,EO,2005-02-04,1510,sub-85/ses-02/eeg/sub-85_ses-02_task-rest_eeg.vhdr,sub-85/ses-02/eeg/sub-85_ses-02_task-rest_eeg.eeg,sub-85/ses-02/eeg/sub-85_ses-02_task-rest_eeg.vmrk,500,Pz,63,continuous
sub-86,ses-01,Control,0,F,White,84.0,16.0,84.0,25.0,,,,EO,2010-05-25,0,sub-86/ses-01/eeg/sub-86_ses-01_task-rest_eeg.vhdr,sub-86/ses-01/eeg/sub-86_ses-01_task-rest_eeg.eeg,sub-86/ses-01/eeg/sub-86_ses-01_task-rest_eeg.vmrk,500,Pz,63,continuous
sub-86,ses-02,Control,0,F,White,84.0,16.0,88.3,22.0,,,,EO,2014-09-13,1572,sub-86/ses-02/eeg/sub-86_ses-02_task-rest_eeg.vhdr,sub-86/ses-02/eeg/sub-86_ses-02_task-rest_eeg.eeg,sub-86/ses-02/eeg/sub-86_ses-02_task-rest_eeg.vmrk,500,Pz,63,continuous
sub-87,ses-01,Control,0,M,,71.0,18.0,71.0,27.0,,,,EO,2014-04-22,0,sub-87/ses-01/eeg/sub-87_ses-01_task-rest_eeg.vhdr,sub-87/ses-01/eeg/sub-87_ses-01_task-rest_eeg.eeg,sub-87/ses-01/eeg/sub-87_ses-01_task-rest_eeg.vmrk,500,Pz,63,continuous
sub-88,ses-01,Control,0,M,,68.0,17.0,68.0,26.0,,,,EO,2020-03-26,0,sub-88/ses-01/eeg/sub-88_ses-01_task-rest_eeg.vhdr,sub-88/ses-01/eeg/sub-88_ses-01_task-rest_eeg.eeg,sub-88/ses-01/eeg/sub-88_ses-01_task-rest_eeg.vmrk,500,Pz,63,continuous
sub-89,ses-01,Control,0,M,,64.0,14.0,64.0,26.0,,,,EO,2001-07-06,0,sub-89/ses-01/eeg/sub-89_ses-01_task-rest_eeg.vhdr,sub-89/ses-01/eeg/sub-89_ses-01_task-rest_eeg.eeg,sub-89/ses-01/eeg/sub-89_ses-01_task-rest_eeg.vmrk,500,Pz,63,continuous
sub-9,ses-01,Control,0,M,White,83.5,20.0,83.5,27.0,,,,EO,2017-05-13,0,sub-9/ses-01/eeg/sub-9_ses-01_task-rest_eeg.vhdr,sub-9/ses-01/eeg/sub-9_ses-01_task-rest_eeg.eeg,sub-9/ses-01/eeg/sub-9_ses-01_task-rest_eeg.vmrk,500,Pz,63,continuous
sub-90,ses-01,Control,0,F,,68.0,16.0,68.0,26.0,,,,EO,2009-04-28,0,sub-90/ses-01/eeg/sub-90_ses-01_task-rest_eeg.vhdr,sub-90/ses-01/eeg/sub-90_ses-01_task-rest_eeg.eeg,sub-90/ses-01/eeg/sub-90_ses-01_task-rest_eeg.vmrk,500,Pz,63,continuous
sub-91,ses-01,Control,0,F,,73.0,14.0,73.0,30.0,,,,EO,2014-03-12,0,sub-91/ses-01/eeg/sub-91_ses-01_task-rest_eeg.vhdr,sub-91/ses-01/eeg/sub-91_ses-01_task-rest_eeg.eeg,sub-91/ses-01/eeg/sub-91_ses-01_task-rest_eeg.vmrk,500,Pz,63,continuous
sub-92,ses-01,Control,0,M,,85.0,16.0,85.0,28.0,,,,EO,2018-09-14,0,sub-92/ses-01/eeg/sub-92_ses-01_task-rest_eeg.vhdr,sub-92/ses-01/eeg/sub-92_ses-01_task-rest_eeg.eeg,sub-92/ses-01/eeg/sub-92_ses-01_task-rest_eeg.vmrk,500,Pz,63,continuous
sub-93,ses-01,Control,0,M,,72.0,16.0,72.0,28.0,,,,EO,2006-02-14,0,sub-93/ses-01/eeg/sub-93_ses-01_task-rest_eeg.vhdr,sub-93/ses-01/eeg/sub-93_ses-01_task-rest_eeg.eeg,sub-93/ses-01/eeg/sub-93_ses-01_task-rest_eeg.vmrk,500,Pz,63,continuous
sub-94,ses-01,Control,0,M,,73.0,14.0,73.0,22.0,,,,EO,2010-03-20,0,sub-94/ses-01/eeg/sub-94_ses-01_task-rest_eeg.vhdr,sub-94/ses-01/eeg/sub-94_ses-01_task-rest_eeg.eeg,sub-94/ses-01/eeg/sub-94_ses-01_task-rest_eeg.vmrk,500,Pz,63,continuous
sub-95,ses-01,Control,0,M,,79.0,16.0,79.0,24.0,,,,EO,2015-10-14,0,sub-95/ses-01/eeg/sub-95_ses-01_task-rest_eeg.vhdr,sub-95/ses-01/eeg/sub-95_ses-01_task-rest_eeg.eeg,sub-95/ses-01/eeg/sub-95_ses-01_task-rest_eeg.vmrk,500,Pz,63,continuous
sub-96,ses-01,Control,0,M,,74.0,20.0,74.0,25.0,,,,EO,2016-01-11,0,sub-96/ses-01/eeg/sub-96_ses-01_task-rest_eeg.vhdr,sub-96/ses-01/eeg/sub-96_ses-01_task-rest_eeg.eeg,sub-96/ses-01/eeg/sub-96_ses-01_task-rest_eeg.vmrk,500,Pz,63,continuous
sub-97,ses-01,Control,0,M,,78.0,16.0,78.0,25.0,,,,EO,2008-01-23,0,sub-97/ses-01/eeg/sub-97_ses-01_task-rest_eeg.vhdr,sub-97/ses-01/eeg/sub-97_ses-01_task-rest_eeg.eeg,sub-97/ses-01/eeg/sub-97_ses-01_task-rest_eeg.vmrk,500,Pz,63,continuous
sub-98,ses-01,Control,0,F,,74.0,14.0,74.0,25.0,,,,EO,2015-09-24,0,sub-98/ses-01/eeg/sub-98_ses-01_task-rest_eeg.vhdr,sub-98/ses-01/eeg/sub-98_ses-01_task-rest_eeg.eeg,sub-98/ses-01/eeg/sub-98_ses-01_task-rest_eeg.vmrk,500,Pz,63,continuous
sub-99,ses-01,Control,0,M,,70.0,16.0,70.0,30.0,,,,EO,2001-03-17,0,sub-99/ses-01/eeg/sub-99_ses-01_task-rest_eeg.vhdr,sub-99/ses-01/eeg/sub-99_ses-01_task-rest_eeg.eeg,sub-99/ses-01/eeg/sub-99_ses-01_task-rest_eeg.vmrk,500,Pz,63,continuous
